ssn,id,first_name,last_name,email,gender,ip_address,address,city,state,zip
600-68-9537,500,Sarge,Cranefield,scranefielddv@nymag.com,Male,207.208.160.131,96 Drewry Drive,Saint Louis,Missouri,63104
382-64-3118,501,Max,Ivashintsov,mivashintsovdw@qq.com,Female,233.104.204.155,4484 Dexter Place,San Diego,California,92153
803-34-7166,502,Tuckie,Benza,tbenzadx@multiply.com,Male,29.185.138.68,1504 Park Meadow Road,Paterson,New Jersey,7544
334-69-6056,503,Faulkner,Oman,fomandy@usgs.gov,Male,57.114.154.235,02 Quincy Plaza,Corpus Christi,Texas,78465
721-45-4424,504,Beniamino,Gerardet,bgerardetdz@abc.net.au,Male,9.59.46.39,18017 Cherokee Point,Baton Rouge,Louisiana,70810
554-06-0939,505,Reginauld,Tristram,rtristrame0@histats.com,Male,243.247.180.73,0196 Manufacturers Court,Oakland,California,94660
759-41-3759,506,Upton,Wines,uwinese1@topsy.com,Male,252.242.161.223,611 Logan Park,Kansas City,Missouri,64130
891-61-6461,507,Ynes,Kleimt,ykleimte2@bbb.org,Female,138.145.39.19,291 Amoth Trail,Tulsa,Oklahoma,74156
160-29-6579,508,Weston,Tole,wtolee3@amazon.com,Male,168.211.230.66,626 Fieldstone Point,Orlando,Florida,32819
792-17-8076,509,Dory,Abby,dabbye4@netscape.com,Female,253.225.183.39,3318 Lighthouse Bay Alley,New York City,New York,10034
235-67-3509,510,Christiano,Kinney,ckinneye5@live.com,Male,233.96.173.152,439 Roxbury Plaza,Redwood City,California,94064
153-01-1178,511,Langsdon,Jeffree,ljeffreee6@goo.gl,Male,137.188.22.44,48 Fordem Lane,Springfield,Ohio,45505
706-41-4858,512,Muffin,Darragon,mdarragone7@youtu.be,Female,49.173.52.24,4 Thompson Park,Brea,California,92822
894-60-0739,513,Jami,Balleine,jballeinee8@cbc.ca,Female,78.168.74.98,19 Rutledge Drive,Columbus,Ohio,43231
699-36-4388,514,Connie,Sexstone,csexstonee9@hubpages.com,Male,179.181.255.228,630 Linden Parkway,Oklahoma City,Oklahoma,73119
397-57-2001,515,Roderic,Crate,rcrateea@twitpic.com,Male,21.101.208.152,2 Karstens Alley,Anchorage,Alaska,99599
497-65-4078,516,Modestine,Cotterrill,mcotterrilleb@free.fr,Female,147.139.10.248,370 Utah Pass,Helena,Montana,59623
503-17-4209,517,Jodi,Sayers,jsayersec@smh.com.au,Female,110.24.108.8,82 Hollow Ridge Center,Washington,District of Columbia,20456
816-34-7049,518,Hersh,Olanda,holandaed@ihg.com,Male,164.174.218.88,1141 Waywood Street,Erie,Pennsylvania,16522
157-26-4458,519,Jory,Lindblom,jlindblomee@fda.gov,Male,23.252.159.251,4285 Brickson Park Pass,Atlanta,Georgia,31190
849-53-7807,520,Keene,Toffts,ktofftsef@stanford.edu,Male,206.2.178.203,32143 Steensland Circle,Indianapolis,Indiana,46278
703-29-9931,521,Antonius,Berkley,aberkleyeg@desdev.cn,Male,232.57.204.126,988 Chinook Alley,Grand Rapids,Michigan,49560
377-03-6044,522,Olag,Whatman,owhatmaneh@rakuten.co.jp,Male,94.185.33.90,05263 2nd Lane,Charlotte,North Carolina,28242
334-69-6452,523,Archy,Shorto,ashortoei@bloomberg.com,Male,186.115.202.200,592 Clemons Center,San Francisco,California,94147
411-26-9556,524,Grove,Fazackerley,gfazackerleyej@google.nl,Male,54.96.232.13,7 Sachtjen Avenue,Kalamazoo,Michigan,49048
517-23-9759,525,Rockwell,Anwyl,ranwylek@dot.gov,Male,243.219.57.141,75057 Oxford Crossing,New Orleans,Louisiana,70174
477-32-5928,526,Kassie,Mendenhall,kmendenhallel@omniture.com,Female,248.5.213.46,460 Loeprich Court,Augusta,Georgia,30919
817-41-6559,527,Duff,Rannigan,dranniganem@independent.co.uk,Male,71.96.189.178,4 Shopko Street,Boulder,Colorado,80310
128-08-2022,528,Corinne,Gimenez,cgimenezen@cam.ac.uk,Female,254.32.236.220,991 Dahle Circle,Macon,Georgia,31217
100-97-8753,529,Crawford,Kliement,ckliementeo@blogger.com,Male,210.209.217.122,78 Heath Way,Baltimore,Maryland,21203
548-84-4536,530,Waverly,Hadkins,whadkinsep@zdnet.com,Male,30.99.61.137,8 Montana Court,Tulsa,Oklahoma,74156
661-80-8857,531,Aurlie,Arnoult,aarnoulteq@flickr.com,Female,135.35.171.251,783 Crowley Way,Atlanta,Georgia,30316
774-18-2080,532,Ethelin,Frane,efraneer@pbs.org,Female,69.162.105.241,002 Trailsway Place,Tucson,Arizona,85748
636-56-2593,533,Wright,Matuskiewicz,wmatuskiewiczes@alexa.com,Male,73.198.182.86,1467 Garrison Way,Portland,Oregon,97232
738-18-8284,534,Pren,Poynton,ppoyntonet@usnews.com,Male,51.221.72.177,75876 Mallard Trail,Saint Louis,Missouri,63126
233-25-7535,535,Karlis,Riby,kribyeu@wunderground.com,Male,128.125.171.37,0158 Toban Lane,Greenville,South Carolina,29605
628-64-5191,536,Ignatius,Thurner,ithurnerev@webnode.com,Male,117.135.77.124,5 Birchwood Hill,Fresno,California,93726
648-55-3970,537,Mack,Whittenbury,mwhittenburyew@eventbrite.com,Male,79.18.82.105,9653 Milwaukee Terrace,Houston,Texas,77218
675-18-3424,538,Trstram,Lanmeid,tlanmeidex@yahoo.com,Male,118.118.103.186,7176 Manitowish Plaza,North Las Vegas,Nevada,89036
148-83-0787,539,Saundra,Coleborn,scoleborney@answers.com,Male,174.215.174.147,90 Clemons Lane,Jersey City,New Jersey,7310
505-23-7581,540,Leontyne,Rosenwald,lrosenwaldez@springer.com,Female,242.153.250.110,0718 Texas Road,Virginia Beach,Virginia,23459
389-48-0220,541,Clyve,Jakubski,cjakubskif0@altervista.org,Male,109.59.142.222,3623 Victoria Way,Spokane,Washington,99205
770-95-3217,542,Veronike,Paulus,vpaulusf1@51.la,Female,92.248.253.145,73 Rowland Park,Rochester,New York,14624
876-83-6885,543,Garey,Talloe,gtalloef2@adobe.com,Male,245.35.219.156,7305 Di Loreto Place,Baltimore,Maryland,21275
426-67-1214,544,Camey,Eidelman,ceidelmanf3@google.com,Male,72.137.216.115,65929 Transport Place,Evansville,Indiana,47747
488-39-2112,545,Delmor,Rentoul,drentoulf4@51.la,Male,116.55.246.143,70241 Carey Center,White Plains,New York,10633
171-69-7448,546,Feliza,Ferrige,fferrigef5@mlb.com,Female,57.235.214.48,15720 Montana Hill,Huntington,West Virginia,25705
271-04-4555,547,Glenn,Darrow,gdarrowf6@myspace.com,Male,65.174.108.63,975 Morningstar Drive,Jackson,Mississippi,39210
573-01-4061,548,Kendall,Grieswood,kgrieswoodf7@dailymotion.com,Male,10.58.223.134,4 Nancy Avenue,Topeka,Kansas,66622
366-93-6472,549,Reynolds,Ambrogiotti,rambrogiottif8@amazon.co.uk,Male,215.186.14.187,721 Warner Circle,Kansas City,Missouri,64187
317-12-9513,550,Doralin,Conroy,dconroyf9@blogger.com,Female,132.47.217.222,1 Saint Paul Plaza,Saint Louis,Missouri,63104
488-50-7105,551,Hunt,Sleicht,hsleichtfa@trellian.com,Male,35.190.65.100,166 Hoffman Parkway,Austin,Texas,78721
272-92-3868,552,Gertruda,Dayborne,gdaybornefb@bizjournals.com,Female,36.117.232.30,81 Arizona Center,South Bend,Indiana,46634
409-05-8681,553,Haleigh,Crebbin,hcrebbinfc@dedecms.com,Male,175.213.105.7,9 Northwestern Street,Jersey City,New Jersey,7310
216-31-4082,554,Joye,Elbourne,jelbournefd@hatena.ne.jp,Female,189.93.21.165,40369 Vidon Road,Baltimore,Maryland,21216
259-22-2846,555,Rebecca,Goodbarne,rgoodbarnefe@cyberchimps.com,Female,109.167.90.126,835 Northridge Junction,Woburn,Massachusetts,1813
190-59-8992,556,Koren,Dand,kdandff@sciencedaily.com,Female,93.135.158.142,48 Maryland Drive,Everett,Washington,98206
358-16-6427,557,Mattheus,McIlroy,mmcilroyfg@abc.net.au,Male,94.208.115.81,957 Leroy Point,Albany,New York,12255
665-45-2699,558,Mic,Delieu,mdelieufh@prlog.org,Male,225.124.15.10,1 Spohn Drive,Miami,Florida,33180
505-29-2642,559,Corly,Liepmann,cliepmannfi@printfriendly.com,Female,52.77.86.104,75 Fairview Hill,Erie,Pennsylvania,16510
223-40-9155,560,Kelcie,Prestney,kprestneyfj@so-net.ne.jp,Female,3.96.135.102,69 Lotheville Alley,Cleveland,Ohio,44177
370-22-6468,561,Rasla,Lissaman,rlissamanfk@cdbaby.com,Female,201.249.140.207,49253 Amoth Center,Memphis,Tennessee,38161
821-23-5452,562,Nicol,Messum,nmessumfl@tinypic.com,Male,160.46.162.188,35 Maryland Hill,Merrifield,Virginia,22119
172-16-6844,563,Rafaellle,Siemantel,rsiemantelfm@accuweather.com,Male,29.137.163.220,77 Northwestern Center,Houston,Texas,77288
322-61-4086,564,Bjorn,Castanos,bcastanosfn@biblegateway.com,Male,244.198.207.135,04 Larry Trail,Jefferson City,Missouri,65105
375-06-7644,565,Lesley,Bickerstasse,lbickerstassefo@epa.gov,Male,194.110.240.116,20 Bluejay Junction,Fort Worth,Texas,76192
777-39-6524,566,Arney,Janeczek,ajaneczekfp@sbwire.com,Male,51.223.252.18,7982 Bunker Hill Trail,Houston,Texas,77065
118-16-5016,567,Andrew,Cannicott,acannicottfq@hugedomains.com,Male,203.28.154.65,317 Sunbrook Terrace,El Paso,Texas,79945
332-74-5019,568,Luther,Gladwell,lgladwellfr@yelp.com,Male,189.63.234.84,58899 Veith Plaza,Spokane,Washington,99210
176-59-3491,569,Ermin,Fyall,efyallfs@nhs.uk,Male,62.215.0.245,33504 Sheridan Terrace,Danbury,Connecticut,6816
322-60-9521,570,Tait,Nother,tnotherft@prweb.com,Male,134.223.186.102,31 Superior Point,Milwaukee,Wisconsin,53220
735-09-8819,571,Wilona,Riccardelli,wriccardellifu@creativecommons.org,Female,22.78.23.88,28956 Crownhardt Junction,Longview,Texas,75605
739-06-3257,572,Ben,Cleghorn,bcleghornfv@yale.edu,Male,233.4.255.64,1 Crescent Oaks Parkway,Houston,Texas,77212
512-23-7543,573,Edmund,Midford,emidfordfw@oracle.com,Male,249.81.83.72,0 Lighthouse Bay Road,Worcester,Massachusetts,1610
482-25-9073,574,Vivie,MacFadden,vmacfaddenfx@edublogs.org,Female,201.217.66.183,21 Kinsman Park,Washington,District of Columbia,20005
763-57-1318,575,Worthington,Adriaens,wadriaensfy@cocolog-nifty.com,Male,125.191.132.96,059 Carberry Pass,Stockton,California,95219
213-35-5450,576,Tuesday,Burgill,tburgillfz@fastcompany.com,Female,173.55.207.1,831 Meadow Valley Point,Madison,Wisconsin,53779
357-69-7996,577,John,Hoggetts,jhoggettsg0@fda.gov,Male,72.194.162.88,917 Kings Court,Austin,Texas,78769
577-35-2159,578,Ranee,Emptage,remptageg1@xinhuanet.com,Female,210.124.239.1,0 Logan Junction,Kansas City,Missouri,64153
853-33-2878,579,Skipp,Lippett,slippettg2@narod.ru,Male,80.130.213.3,7351 Cody Center,Washington,District of Columbia,20557
498-97-6114,580,Audrie,Baldrey,abaldreyg3@house.gov,Female,7.155.180.220,9 Mockingbird Junction,San Diego,California,92105
484-78-2062,581,Pearle,Lingley,plingleyg4@alexa.com,Female,190.171.69.184,726 Hollow Ridge Drive,Raleigh,North Carolina,27626
522-56-1519,582,Ruperto,Americi,ramericig5@theatlantic.com,Male,144.200.91.87,105 Londonderry Trail,Atlanta,Georgia,30368
541-25-1692,583,Zebedee,Guerrazzi,zguerrazzig6@illinois.edu,Male,74.47.228.164,221 Namekagon Way,Salt Lake City,Utah,84115
132-66-4491,584,Ambur,Raddan,araddang7@skype.com,Female,184.109.21.58,69 Johnson Lane,Wichita,Kansas,67260
395-75-4755,585,Noble,Standfield,nstandfieldg8@illinois.edu,Male,37.241.43.250,716 Erie Alley,Philadelphia,Pennsylvania,19178
337-26-4303,586,Temple,Ottam,tottamg9@aol.com,Male,194.49.145.37,72 Buena Vista Junction,San Diego,California,92176
484-46-0744,587,Ailina,Carnalan,acarnalanga@wisc.edu,Female,2.83.189.50,18291 Division Circle,Irving,Texas,75062
259-67-6928,588,Christiana,McBeth,cmcbethgb@360.cn,Female,179.34.9.182,45 Schlimgen Point,Bloomington,Illinois,61709
756-65-5289,589,Shaun,Hatherley,shatherleygc@noaa.gov,Female,6.228.88.168,133 Almo Circle,Gainesville,Georgia,30506
412-57-1431,590,Virgie,Tailby,vtailbygd@ehow.com,Male,240.124.39.48,98 Darwin Junction,Stamford,Connecticut,6912
627-21-2290,591,Matthaeus,Elder,melderge@noaa.gov,Male,205.27.66.199,791 Packers Court,Mansfield,Ohio,44905
561-48-1470,592,Gaspar,Hirschmann,ghirschmanngf@51.la,Male,116.229.240.249,393 Everett Junction,Dayton,Ohio,45454
266-09-2435,593,Wash,Giblin,wgiblingg@biglobe.ne.jp,Male,135.26.49.251,1369 Mayfield Street,Chicago,Illinois,60646
875-19-3446,594,Doy,Walder,dwaldergh@disqus.com,Male,173.93.72.72,089 Stephen Center,Waterbury,Connecticut,6721
321-93-4071,595,Rory,Jelfs,rjelfsgi@behance.net,Male,62.172.229.104,91 Arapahoe Place,Honolulu,Hawaii,96850
587-90-9733,596,Pascale,Bassilashvili,pbassilashviligj@dedecms.com,Male,89.224.112.63,7 Pawling Terrace,Galveston,Texas,77554
768-05-1462,597,Nat,Carles,ncarlesgk@pen.io,Female,35.216.114.206,3202 Spaight Crossing,Waterbury,Connecticut,6726
427-91-1592,598,Berny,Kubec,bkubecgl@dmoz.org,Male,42.158.176.228,2758 Meadow Valley Trail,Long Beach,California,90840
403-78-9293,599,Nicki,Ford,nfordgm@exblog.jp,Female,134.216.210.32,83836 Lighthouse Bay Circle,Vero Beach,Florida,32964
216-96-9435,600,Trudi,Abrams,tabramsgn@omniture.com,Female,102.85.83.218,34 Novick Park,Sacramento,California,95838
476-49-9834,601,Paulie,Chevins,pchevinsgo@taobao.com,Female,114.245.147.179,05 Golf View Circle,Chicago,Illinois,60624
882-81-6977,602,Renie,Smewin,rsmewingp@odnoklassniki.ru,Female,2.68.167.232,340 Weeping Birch Trail,Boca Raton,Florida,33499
131-34-4495,603,Roseanna,Van Baaren,rvanbaarengq@discuz.net,Female,151.115.123.170,6 Milwaukee Crossing,Topeka,Kansas,66611
334-53-1404,604,Abbot,Cufley,acufleygr@arizona.edu,Male,63.248.15.52,36 Tennessee Trail,Corpus Christi,Texas,78405
651-36-1603,605,L;urette,Ramm,lrammgs@fda.gov,Female,7.241.21.52,37538 Oneill Place,Des Moines,Iowa,50369
416-31-9835,606,Fredrika,Suttell,fsuttellgt@ovh.net,Female,2.111.136.160,2 Schlimgen Way,Denver,Colorado,80217
651-41-0080,607,Selma,Kennler,skennlergu@etsy.com,Female,116.189.116.249,62031 Hudson Park,Washington,District of Columbia,20425
149-03-4338,608,Marlon,Imlock,mimlockgv@answers.com,Male,163.52.96.106,1936 Merrick Circle,Naples,Florida,33961
473-02-9652,609,Valentine,Meddick,vmeddickgw@bing.com,Male,66.19.111.244,32188 Warbler Plaza,Sacramento,California,94263
405-17-3757,610,Anabal,Janse,ajansegx@fda.gov,Female,84.239.26.54,41717 Atwood Way,Columbus,Ohio,43226
356-21-9019,611,Hilary,Skettles,hskettlesgy@t-online.de,Female,147.228.159.162,87016 Kenwood Road,Hattiesburg,Mississippi,39404
479-47-4470,612,Margy,Stockwell,mstockwellgz@naver.com,Female,220.1.210.136,22989 Knutson Court,San Bernardino,California,92415
223-91-5694,613,Modesta,Sherwen,msherwenh0@ameblo.jp,Female,243.197.191.144,98 Longview Court,Young America,Minnesota,55551
778-99-8904,614,Lissi,Overington,loveringtonh1@ning.com,Female,117.115.173.153,9 Arizona Court,Muskegon,Michigan,49444
644-07-1194,615,Bendicty,Berlin,bberlinh2@webmd.com,Male,65.109.245.137,47200 Logan Street,Paterson,New Jersey,7522
546-21-6177,616,Estele,Follos,efollosh3@51.la,Female,187.190.171.170,285 Sachtjen Parkway,Washington,District of Columbia,20566
385-40-2238,617,Otes,Maffini,omaffinih4@npr.org,Male,179.99.55.128,42 Lukken Avenue,Dulles,Virginia,20189
261-05-9584,618,Kahlil,Careswell,kcareswellh5@goo.gl,Male,81.231.194.131,799 Cottonwood Place,Shreveport,Louisiana,71115
785-28-9250,619,Janine,Casham,jcashamh6@pbs.org,Female,115.35.28.169,1582 Sauthoff Alley,Charleston,West Virginia,25331
550-07-6724,620,Deane,Redborn,dredbornh7@businesswire.com,Female,4.97.169.123,0201 Hudson Center,Alhambra,California,91841
475-90-2981,621,Desdemona,Sherbrooke,dsherbrookeh8@cbsnews.com,Female,112.123.214.48,97159 Lighthouse Bay Lane,Denver,Colorado,80262
744-89-2593,622,Jodie,Bendel,jbendelh9@wired.com,Male,35.133.3.194,69 Helena Crossing,Los Angeles,California,90010
737-76-6829,623,Erina,Leyborne,eleyborneha@ning.com,Female,83.100.217.110,6309 8th Circle,El Paso,Texas,88519
417-07-9093,624,Dunc,Blackwell,dblackwellhb@topsy.com,Male,207.169.207.107,243 Sauthoff Point,Sioux Falls,South Dakota,57198
568-81-9364,625,Tamas,Bertlin,tbertlinhc@examiner.com,Male,61.105.8.31,31 Towne Court,Washington,District of Columbia,20520
776-47-4718,626,Catherin,Gaggen,cgaggenhd@go.com,Female,31.25.246.135,07 Claremont Plaza,Oklahoma City,Oklahoma,73104
149-91-9898,627,Conny,Quail,cquailhe@pcworld.com,Male,34.56.96.227,47126 Brentwood Plaza,Montgomery,Alabama,36119
493-53-6729,628,Noah,Castleman,ncastlemanhf@mac.com,Male,246.40.86.65,444 Lawn Pass,Saint Louis,Missouri,63116
799-10-0430,629,Mikey,Vaney,mvaneyhg@merriam-webster.com,Male,40.45.115.51,81 Riverside Hill,Richmond,Virginia,23228
897-21-4632,630,Colene,Joel,cjoelhh@vkontakte.ru,Female,205.108.133.18,93 3rd Crossing,New York City,New York,10120
580-13-3161,631,Charlotta,Geater,cgeaterhi@newsvine.com,Female,32.245.139.146,0298 Meadow Vale Point,Lincoln,Nebraska,68524
789-13-4119,632,Dar,Campey,dcampeyhj@sciencedirect.com,Male,28.29.254.191,06 Mockingbird Hill,Kansas City,Missouri,64142
277-75-3592,633,Tull,McPheat,tmcpheathk@ihg.com,Male,194.149.165.56,248 John Wall Center,Jamaica,New York,11470
475-94-9732,634,Jacinda,Milier,jmilierhl@msu.edu,Female,48.115.212.29,7760 Clove Alley,Torrance,California,90510
346-60-1620,635,Lorraine,Wallworke,lwallworkehm@ibm.com,Female,196.28.30.25,501 Buena Vista Crossing,Wilmington,Delaware,19897
511-11-2394,636,Frederic,Capeloff,fcapeloffhn@gizmodo.com,Male,185.84.157.54,4 Northland Park,Santa Rosa,California,95405
604-64-6397,637,Bax,Cowwell,bcowwellho@usatoday.com,Male,176.146.79.177,9 Sunfield Plaza,Los Angeles,California,90101
346-92-1220,638,Zsazsa,Kinnin,zkinninhp@yelp.com,Female,21.50.120.171,94 Grover Court,Amarillo,Texas,79165
258-22-0108,639,Jimmie,McQuorkel,jmcquorkelhq@gizmodo.com,Male,247.221.111.12,46 5th Street,New Brunswick,New Jersey,8922
741-63-5839,640,Arden,Vickery,avickeryhr@dot.gov,Female,11.53.237.239,2 Iowa Circle,Washington,District of Columbia,20310
496-55-8834,641,Byrle,McInulty,bmcinultyhs@biglobe.ne.jp,Male,168.152.31.143,2402 Moland Junction,Tucson,Arizona,85732
598-97-5809,642,Natividad,Blandford,nblandfordht@slashdot.org,Female,172.39.69.105,2 Glacier Hill Parkway,Charleston,West Virginia,25313
775-47-8519,643,Brandon,Cockin,bcockinhu@pbs.org,Male,43.222.198.225,1698 Londonderry Hill,Jefferson City,Missouri,65110
827-83-8977,644,Hendrik,Folca,hfolcahv@hatena.ne.jp,Male,132.113.126.21,868 Moland Park,Rochester,New York,14639
759-93-2107,645,Kalinda,Godbert,kgodberthw@de.vu,Female,30.119.86.170,8047 Pennsylvania Center,Houston,Texas,77055
391-32-7611,646,Ulrica,Muirhead,umuirheadhx@shareasale.com,Female,60.50.153.232,35 4th Plaza,Houston,Texas,77206
331-94-4037,647,Ebba,Sebring,esebringhy@sitemeter.com,Female,75.68.24.79,4 Longview Circle,Bronx,New York,10469
883-20-9333,648,Emmery,Simpkins,esimpkinshz@gmpg.org,Male,240.177.215.37,153 Bellgrove Crossing,Louisville,Kentucky,40266
267-94-5708,649,Gusta,Sicely,gsicelyi0@mozilla.com,Female,124.222.162.155,08974 Butterfield Trail,Madison,Wisconsin,53705
261-19-2581,650,Penelope,Frankland,pfranklandi1@google.co.uk,Female,44.202.255.6,6300 Spenser Drive,Albany,Georgia,31704
706-32-2528,651,Melisent,Grey,mgreyi2@shareasale.com,Female,155.160.5.223,20460 Sunbrook Pass,Lansing,Michigan,48912
512-40-2043,652,Lyman,Stivens,lstivensi3@businessinsider.com,Male,239.92.64.156,209 Debs Lane,Baton Rouge,Louisiana,70805
896-51-6802,653,Adora,Legge,aleggei4@google.it,Female,145.126.124.175,66608 Forest Run Hill,Norcross,Georgia,30092
393-48-2464,654,Rolfe,Binford,rbinfordi5@loc.gov,Male,59.169.89.148,1974 Lerdahl Trail,Indianapolis,Indiana,46216
109-13-6908,655,Bartholemy,Wohler,bwohleri6@google.com.br,Male,92.212.127.185,8 Esch Center,Orlando,Florida,32891
592-82-2385,656,Cherye,Vaughan-Hughes,cvaughanhughesi7@webs.com,Female,195.38.71.8,1 Larry Drive,Pasadena,California,91125
465-86-7387,657,Stan,Frisdick,sfrisdicki8@edublogs.org,Male,216.24.248.160,78 Eliot Trail,Fresno,California,93750
543-70-0181,658,Brockie,Wheatland,bwheatlandi9@eventbrite.com,Male,216.121.97.104,07927 Tennessee Circle,Athens,Georgia,30605
178-41-9625,659,Lexi,Franchyonok,lfranchyonokia@tinyurl.com,Female,157.8.205.85,3656 Tennessee Plaza,Wilkes Barre,Pennsylvania,18706
442-90-2408,660,Cherin,Kleszinski,ckleszinskiib@fastcompany.com,Female,20.212.145.57,0092 Vera Street,Denver,Colorado,80241
168-55-8735,661,Amalle,Fellgatt,afellgattic@huffingtonpost.com,Female,107.131.90.102,3208 2nd Way,Charlotte,North Carolina,28247
782-14-8987,662,Claiborn,Ramsted,cramstedid@domainmarket.com,Male,56.216.209.144,266 Buena Vista Way,Corpus Christi,Texas,78475
272-01-3680,663,Linc,Cramer,lcramerie@va.gov,Male,170.21.95.139,2317 Pearson Pass,Boston,Massachusetts,2119
469-91-6387,664,Marijn,Corryer,mcorryerif@desdev.cn,Male,126.129.78.152,275 4th Street,Riverside,California,92519
627-05-3281,665,Tanny,Hassard,thassardig@answers.com,Male,113.109.6.130,29 Gina Avenue,Carol Stream,Illinois,60351
226-05-2074,666,Romonda,Busain,rbusainih@mapy.cz,Female,215.149.246.222,91 Kropf Hill,Amarillo,Texas,79118
432-56-6845,667,Libbie,Peasee,lpeaseeii@nymag.com,Female,97.50.159.22,429 Mockingbird Avenue,Boston,Massachusetts,2114
650-21-4266,668,Cesya,Biasioli,cbiasioliij@wiley.com,Female,86.185.197.90,846 Rowland Plaza,Berkeley,California,94712
730-03-6775,669,Agace,Barmby,abarmbyik@cdbaby.com,Female,57.203.77.40,0937 Straubel Parkway,Duluth,Georgia,30195
376-63-6204,670,Matilde,Kopje,mkopjeil@theguardian.com,Female,40.45.53.101,6 Cardinal Pass,Tampa,Florida,33680
160-07-5206,671,Alvie,Alenikov,aalenikovim@soundcloud.com,Male,249.55.254.220,4912 Fallview Way,Saint Cloud,Minnesota,56398
445-36-7683,672,Sergio,Jeaves,sjeavesin@dot.gov,Male,72.33.112.62,314 Vernon Park,Omaha,Nebraska,68117
338-43-1559,673,Moise,Grabb,mgrabbio@guardian.co.uk,Male,68.77.122.106,210 Monterey Alley,Vancouver,Washington,98682
798-89-0451,674,Minnaminnie,Heales,mhealesip@mayoclinic.com,Female,2.253.81.66,32075 Porter Crossing,Omaha,Nebraska,68124
678-71-0769,675,Tine,Youthed,tyouthediq@prnewswire.com,Female,100.13.174.166,39823 Pennsylvania Court,Trenton,New Jersey,8638
634-13-3308,676,Marketa,Boanas,mboanasir@taobao.com,Female,91.130.9.131,2501 Spenser Road,Washington,District of Columbia,20420
618-69-8446,677,Emalia,Figgen,efiggenis@mit.edu,Female,97.168.134.118,3 Spaight Terrace,Shreveport,Louisiana,71137
169-95-1073,678,Marcella,Bucksey,mbuckseyit@techcrunch.com,Female,88.207.80.72,72546 Nevada Drive,Brooklyn,New York,11254
308-12-6009,679,Celisse,Othick,cothickiu@timesonline.co.uk,Female,105.27.237.101,41838 Loeprich Plaza,Winston Salem,North Carolina,27150
555-23-4152,680,Noah,Elfleet,nelfleetiv@about.com,Male,207.27.12.236,4608 Kropf Park,Amarillo,Texas,79176
758-21-7785,681,August,Borland,aborlandiw@chron.com,Male,172.93.25.186,6612 Kings Way,Boise,Idaho,83711
368-41-0835,682,Viva,Beckles,vbecklesix@dot.gov,Female,228.3.146.71,42562 Morning Center,Cincinnati,Ohio,45254
762-91-4974,683,Eddy,Attwell,eattwelliy@netvibes.com,Male,10.157.86.19,4 Golf Course Court,Corpus Christi,Texas,78405
491-49-2911,684,Deane,Danielut,ddanielutiz@ftc.gov,Male,51.25.95.157,309 Scott Trail,Carlsbad,California,92013
402-75-4560,685,Tremayne,Wollaston,twollastonj0@sourceforge.net,Male,234.182.162.54,697 Waxwing Point,Denver,Colorado,80204
748-85-9354,686,Matty,Brearty,mbreartyj1@time.com,Male,183.166.146.87,253 Homewood Court,Dallas,Texas,75379
497-95-2118,687,Bobinette,Loffhead,bloffheadj2@reddit.com,Female,0.82.115.2,1 Division Terrace,Denver,Colorado,80209
801-45-5300,688,Joyan,Monkman,jmonkmanj3@dropbox.com,Female,159.175.11.141,7 Sutherland Park,Wichita,Kansas,67236
756-29-8400,689,Burk,Brown,bbrownj4@photobucket.com,Male,232.22.63.213,2 Lakewood Gardens Way,New York City,New York,10115
109-22-0657,690,Nil,Schottli,nschottlij5@youtu.be,Male,0.155.158.16,83388 Kenwood Park,Fairfield,Connecticut,6825
502-77-6446,691,Carce,Goodin,cgoodinj6@ycombinator.com,Male,123.246.211.155,34 Anhalt Drive,Pittsburgh,Pennsylvania,15261
347-16-6037,692,Mollie,Barock,mbarockj7@walmart.com,Female,13.3.26.56,417 Dayton Point,Boston,Massachusetts,2114
416-05-7430,693,Aurore,Vooght,avooghtj8@cpanel.net,Female,81.53.141.7,6 Carey Point,Detroit,Michigan,48275
176-68-9456,694,Parsifal,Leaman,pleamanj9@ocn.ne.jp,Male,129.194.149.219,3607 Eastwood Way,Richmond,California,94807
615-55-5852,695,Lazaro,Cowe,lcoweja@so-net.ne.jp,Male,188.209.68.219,95 Jackson Alley,Peoria,Illinois,61651
715-99-7528,696,Eimile,Grasner,egrasnerjb@smugmug.com,Female,122.38.9.254,5 Boyd Parkway,Toledo,Ohio,43605
731-99-5646,697,Teodor,Naseby,tnasebyjc@skype.com,Male,116.230.195.107,1037 Ramsey Lane,Morgantown,West Virginia,26505
707-93-0431,698,Dennie,Sapena,dsapenajd@tinyurl.com,Male,12.62.34.33,2 Thackeray Circle,Washington,District of Columbia,20520
329-31-8727,699,Winston,Comello,wcomelloje@tmall.com,Male,104.123.210.249,064 Moose Road,Saint Paul,Minnesota,55123
334-53-8111,700,Rory,Galey,rgaleyjf@istockphoto.com,Male,5.13.98.204,93957 Raven Drive,Orange,California,92862
630-99-2354,701,Krystle,Scorthorne,kscorthornejg@weather.com,Female,157.171.183.145,6256 Paget Trail,Johnstown,Pennsylvania,15906
606-92-1905,702,Godwin,Concannon,gconcannonjh@diigo.com,Male,128.144.40.200,52000 Fremont Place,Jacksonville,Florida,32230
596-07-0619,703,Xymenes,Saker,xsakerji@google.es,Male,38.172.167.105,093 Northridge Road,Rochester,New York,14609
548-85-7051,704,Maighdiln,Ambrosetti,mambrosettijj@altervista.org,Female,35.67.160.48,31 Magdeline Court,Montgomery,Alabama,36114
127-59-0153,705,Pacorro,Goodfellow,pgoodfellowjk@mit.edu,Male,255.226.43.203,7748 Bartelt Parkway,Charleston,West Virginia,25331
272-06-6951,706,Abbi,Seide,aseidejl@java.com,Female,194.204.210.233,995 Hoepker Pass,Miami,Florida,33153
731-28-9438,707,Faina,Casotti,fcasottijm@loc.gov,Female,13.4.43.150,4599 Heath Circle,Fort Wayne,Indiana,46857
659-05-6474,708,Reba,Scattergood,rscattergoodjn@mapy.cz,Female,39.227.103.64,01 Manley Crossing,Houston,Texas,77271
406-42-6854,709,Lemmie,Gentil,lgentiljo@paginegialle.it,Male,154.164.7.200,37 Melby Junction,Fresno,California,93704
827-79-7553,710,Babbie,Bridell,bbridelljp@boston.com,Female,34.161.100.2,09884 Welch Road,Washington,District of Columbia,20220
588-45-8661,711,Jamill,Thorrold,jthorroldjq@topsy.com,Male,150.136.32.99,603 Moose Drive,Seattle,Washington,98109
623-76-5410,712,Johannah,Cansdill,jcansdilljr@exblog.jp,Female,42.248.1.241,98887 Nelson Avenue,Atlanta,Georgia,30392
381-07-7414,713,Linell,Carleman,lcarlemanjs@weibo.com,Female,158.144.83.215,419 Lakewood Gardens Circle,Pocatello,Idaho,83206
370-41-1134,714,Welbie,Critoph,wcritophjt@instagram.com,Male,234.115.24.9,06 Twin Pines Plaza,Wichita,Kansas,67210
336-31-7264,715,Cindie,Gatherer,cgathererju@npr.org,Female,17.75.134.183,45 Reinke Way,Round Rock,Texas,78682
362-66-3445,716,Marve,MacSween,mmacsweenjv@t-online.de,Male,21.72.164.105,8517 Parkside Parkway,New York City,New York,10115
761-83-2876,717,Bendick,McEntegart,bmcentegartjw@bizjournals.com,Male,194.141.4.34,6 Waywood Junction,Fort Worth,Texas,76198
662-13-0255,718,Garald,Lamberton,glambertonjx@disqus.com,Male,63.121.233.167,02928 Forest Run Court,Knoxville,Tennessee,37919
527-23-4328,719,Rusty,Simoneau,rsimoneaujy@cnn.com,Male,88.151.245.241,5 Mosinee Plaza,Knoxville,Tennessee,37924
317-18-8220,720,Rosy,McReath,rmcreathjz@wikispaces.com,Female,12.207.123.246,44769 Chinook Avenue,Tampa,Florida,33615
745-43-2932,721,Archy,Charpling,acharplingk0@reference.com,Male,226.191.21.167,95095 Kim Road,San Antonio,Texas,78255
131-66-0829,722,Aubrey,Faithorn,afaithornk1@spotify.com,Female,161.225.91.236,38 Carey Parkway,Tulsa,Oklahoma,74170
735-07-6178,723,Ellerey,Dring,edringk2@ibm.com,Male,59.198.87.185,75444 Beilfuss Point,Atlanta,Georgia,30340
162-54-6646,724,Veda,Orthmann,vorthmannk3@sbwire.com,Female,15.170.60.139,8 Hovde Park,Arlington,Virginia,22212
136-55-5783,725,Benji,Konneke,bkonnekek4@sina.com.cn,Male,103.131.17.246,678 6th Terrace,Portland,Oregon,97221
204-24-8311,726,Barty,Polglase,bpolglasek5@hhs.gov,Male,156.29.201.225,1 Orin Drive,Evansville,Indiana,47747
794-02-6425,727,Georg,Kynson,gkynsonk6@hubpages.com,Male,117.2.20.22,3 Harper Alley,Boise,Idaho,83716
187-38-2132,728,Quent,Iacapucci,qiacapuccik7@360.cn,Male,110.111.85.53,955 Claremont Drive,Washington,District of Columbia,20016
478-19-5340,729,Cornie,Deverell,cdeverellk8@facebook.com,Male,233.242.147.31,9474 Anhalt Plaza,Albuquerque,New Mexico,87105
148-70-0759,730,Nicko,Cranmor,ncranmork9@example.com,Male,24.42.191.235,3 Blue Bill Park Lane,Baltimore,Maryland,21203
435-73-6765,731,Bail,Bollen,bbollenka@liveinternet.ru,Male,165.67.58.254,1569 North Circle,Reading,Pennsylvania,19605
441-91-5164,732,Lemuel,Golledge,lgolledgekb@msn.com,Male,240.174.101.22,5 Surrey Hill,Fullerton,California,92640
853-28-4658,733,Hamid,Deeney,hdeeneykc@skyrock.com,Male,249.131.41.125,29112 Lukken Place,Minneapolis,Minnesota,55436
515-99-8066,734,Erin,Bayldon,ebayldonkd@list-manage.com,Female,216.235.172.241,6 Express Circle,Fairfield,Connecticut,6825
119-98-0265,735,Cacilia,Cheine,ccheineke@facebook.com,Female,166.73.74.55,9 Mifflin Parkway,Dallas,Texas,75260
879-99-4890,736,Crosby,Gringley,cgringleykf@redcross.org,Male,243.244.121.62,77 Ramsey Court,Midland,Texas,79710
453-41-4002,737,Jilleen,Greenwood,jgreenwoodkg@vinaora.com,Female,145.108.132.73,8 Swallow Street,Minneapolis,Minnesota,55428
709-77-9564,738,Clotilda,Spera,csperakh@com.com,Female,148.26.121.48,59005 Lien Road,Seattle,Washington,98104
661-37-3496,739,Launce,Gobbet,lgobbetki@upenn.edu,Male,147.26.252.243,5985 Maryland Court,Evansville,Indiana,47747
257-69-6982,740,Tedra,Huyche,thuychekj@columbia.edu,Female,227.33.203.202,332 Autumn Leaf Parkway,Washington,District of Columbia,20404
675-96-8493,741,Barthel,Indge,bindgekk@addthis.com,Male,164.113.99.3,7 East Lane,Memphis,Tennessee,38188
606-27-6745,742,Simonne,Weymouth,sweymouthkl@jigsy.com,Female,208.102.225.144,26451 Monument Trail,El Paso,Texas,79989
898-65-0381,743,Ellary,Yitzhok,eyitzhokkm@slate.com,Male,84.121.133.88,91 Claremont Plaza,Washington,District of Columbia,20546
122-13-3028,744,Halley,Dengate,hdengatekn@csmonitor.com,Female,242.189.154.69,09502 Towne Pass,Houston,Texas,77276
451-52-7494,745,Theressa,Drillingcourt,tdrillingcourtko@examiner.com,Female,55.49.69.175,57760 Vahlen Plaza,Glendale,California,91210
495-44-0161,746,Fonz,Hoolaghan,fhoolaghankp@businessinsider.com,Male,201.104.152.138,20728 Daystar Trail,Las Vegas,Nevada,89130
231-96-6661,747,Rabbi,Bagworth,rbagworthkq@parallels.com,Male,49.220.171.222,6 Mendota Center,Cape Coral,Florida,33915
273-96-4275,748,Jody,Garrison,jgarrisonkr@smh.com.au,Male,207.11.133.35,34945 Eastwood Alley,Kingsport,Tennessee,37665
445-55-3835,749,Hobie,Radbond,hradbondks@godaddy.com,Male,237.47.50.160,109 Hauk Way,Oklahoma City,Oklahoma,73197
885-48-8824,750,Demeter,Lovegrove,dlovegrovekt@yale.edu,Female,42.65.141.28,597 Dakota Circle,Tampa,Florida,33647
331-20-0760,751,Estevan,Monksfield,emonksfieldku@guardian.co.uk,Male,162.137.152.88,596 Green Ridge Junction,Zephyrhills,Florida,33543
647-57-9855,752,Myrtice,Rijkeseis,mrijkeseiskv@cdbaby.com,Female,9.137.172.69,7543 Almo Center,Hialeah,Florida,33013
808-71-3331,753,Midge,Czadla,mczadlakw@drupal.org,Female,51.240.88.185,31474 Graceland Street,Pompano Beach,Florida,33069
884-21-7689,754,Roderick,Baudinot,rbaudinotkx@typepad.com,Male,126.238.21.145,79 Transport Pass,Dallas,Texas,75287
205-46-6905,755,Caryl,Hastewell,chastewellky@scribd.com,Female,101.81.252.2,5 Talisman Alley,Indianapolis,Indiana,46295
367-29-1666,756,Cayla,Braam,cbraamkz@harvard.edu,Female,193.217.224.185,311 Atwood Alley,Springfield,Missouri,65805
571-76-0946,757,Barbara-anne,Shale,bshalel0@pcworld.com,Female,125.161.112.150,899 Mcguire Park,Huntsville,Alabama,35895
228-42-5725,758,Carce,Van de Vlies,cvandevliesl1@sogou.com,Male,145.61.217.174,533 Wayridge Point,Dayton,Ohio,45408
339-07-3905,759,George,McAlarney,gmcalarneyl2@usgs.gov,Male,192.80.87.250,69536 Schlimgen Trail,Washington,District of Columbia,20503
795-87-5219,760,Bartholomew,Niles,bnilesl3@cnet.com,Male,64.189.231.138,2626 Mesta Road,Norfolk,Virginia,23509
119-15-8435,761,Barris,Pimerick,bpimerickl4@wiley.com,Male,195.176.140.101,3 Blue Bill Park Avenue,Fort Myers,Florida,33913
513-79-8627,762,Elora,Canedo,ecanedol5@ycombinator.com,Female,193.33.147.36,481 Colorado Terrace,Waltham,Massachusetts,2453
794-05-7952,763,Antons,Witcombe,awitcombel6@over-blog.com,Male,44.212.128.32,06650 Barby Court,Fayetteville,North Carolina,28314
343-67-1807,764,Erskine,Camerana,ecameranal7@etsy.com,Male,156.93.131.125,49 Veith Road,Indianapolis,Indiana,46247
469-05-4582,765,Christopher,Bess,cbessl8@naver.com,Male,131.17.182.112,837 Sunfield Point,Anchorage,Alaska,99522
267-53-8799,766,Malorie,McGonigal,mmcgonigall9@time.com,Female,12.130.202.207,11 Bellgrove Road,Des Moines,Iowa,50305
454-52-8550,767,Umeko,Saintsbury,usaintsburyla@plala.or.jp,Female,111.10.126.109,07 Delladonna Hill,Valley Forge,Pennsylvania,19495
889-50-7753,768,Puff,Gumb,pgumblb@sphinn.com,Male,236.37.63.88,5059 Starling Crossing,Albany,New York,12232
654-24-0366,769,Benjamen,Hewkin,bhewkinlc@epa.gov,Male,100.80.138.208,5 Veith Court,Phoenix,Arizona,85030
654-89-3047,770,Boone,Howitt,bhowittld@prlog.org,Male,142.5.198.229,84 Welch Plaza,Orange,California,92867
885-54-1665,771,Hanan,Pringuer,hpringuerle@shareasale.com,Male,43.210.244.133,17874 Lien Terrace,Jacksonville,Florida,32225
432-48-9859,772,Blondelle,Grissett,bgrissettlf@free.fr,Female,243.44.1.216,03309 Ilene Center,Maple Plain,Minnesota,55579
821-02-7802,773,Valdemar,Aspenlon,vaspenlonlg@sciencedaily.com,Male,123.120.49.8,4 Cambridge Place,Washington,District of Columbia,20073
311-54-5710,774,Christie,Van Daalen,cvandaalenlh@uol.com.br,Male,129.34.146.105,8 Ramsey Road,Shreveport,Louisiana,71161
569-68-5840,775,Trixi,Proud,tproudli@intel.com,Female,19.112.159.206,63843 Marcy Hill,Dallas,Texas,75277
448-69-7576,776,Libbie,Goodband,lgoodbandlj@ovh.net,Female,202.74.165.139,8 Truax Point,Washington,District of Columbia,20310
393-33-4681,777,Alexi,Creeboe,acreeboelk@macromedia.com,Female,158.62.118.167,211 Algoma Park,Fort Pierce,Florida,34949
240-45-8699,778,Beryle,Bisset,bbissetll@smh.com.au,Female,98.142.255.120,0 David Circle,Spartanburg,South Carolina,29305
278-49-2670,779,Ulrich,McLarty,umclartylm@foxnews.com,Male,180.167.196.99,532 Londonderry Crossing,Waltham,Massachusetts,2453
186-27-0934,780,Merola,Mongin,mmonginln@clickbank.net,Female,2.158.95.47,7 Shoshone Point,Baton Rouge,Louisiana,70883
760-60-0832,781,Juanita,Kock,jkocklo@businessinsider.com,Female,16.132.13.195,93 Hintze Terrace,Salinas,California,93907
266-74-0452,782,Jose,Sclater,jsclaterlp@constantcontact.com,Male,79.4.63.215,13952 Stang Pass,Tulsa,Oklahoma,74103
511-14-2211,783,Jeremie,Zanneli,jzannelilq@goodreads.com,Male,196.67.152.211,38 Sage Terrace,North Little Rock,Arkansas,72199
425-41-3088,784,Forrest,Shee,fsheelr@paypal.com,Male,213.78.162.15,59365 Rusk Way,Philadelphia,Pennsylvania,19104
863-16-6567,785,Farra,Lefwich,flefwichls@godaddy.com,Female,131.57.180.8,1 Ronald Regan Pass,Norman,Oklahoma,73071
462-58-8661,786,Leonie,Wanek,lwaneklt@newsvine.com,Female,186.28.67.176,35 Sloan Way,Lafayette,Louisiana,70505
193-67-1884,787,Lodovico,Syrad,lsyradlu@ask.com,Male,197.189.232.160,31 7th Plaza,El Paso,Texas,88574
163-05-9900,788,Thacher,Erangy,terangylv@shutterfly.com,Male,97.54.111.137,7626 Cambridge Center,Charleston,West Virginia,25313
394-01-3221,789,Wolfy,Barkworth,wbarkworthlw@prlog.org,Male,240.122.30.227,69 Valley Edge Avenue,Carson City,Nevada,89706
491-76-9304,790,Beck,Dudin,bdudinlx@wiley.com,Male,49.241.55.140,22117 Northview Plaza,Salt Lake City,Utah,84140
441-88-1199,791,Julian,Limprecht,jlimprechtly@linkedin.com,Male,90.97.244.228,146 Reindahl Road,San Antonio,Texas,78260
719-95-5509,792,Coop,McNern,cmcnernlz@arstechnica.com,Male,161.98.175.105,329 Schiller Plaza,Rochester,New York,14609
169-82-1662,793,Nadine,Brusin,nbrusinm0@unc.edu,Female,179.205.182.192,8 Kennedy Circle,Pinellas Park,Florida,34665
279-26-1556,794,Guenna,Flooks,gflooksm1@google.com,Female,19.119.97.32,91 Mandrake Avenue,Omaha,Nebraska,68179
789-84-1564,795,Pamela,Berthouloume,pberthouloumem2@epa.gov,Female,51.60.237.178,844 American Ash Lane,Bronx,New York,10464
518-44-5099,796,Lucio,Lees,lleesm3@addtoany.com,Male,197.10.40.67,0151 Gateway Parkway,Milwaukee,Wisconsin,53285
794-29-1961,797,Allyson,Masser,amasserm4@techcrunch.com,Female,38.87.0.194,3874 Longview Street,New Haven,Connecticut,6510
868-36-8393,798,Veronica,Froom,vfroomm5@list-manage.com,Female,100.229.235.7,3 Spohn Plaza,Boston,Massachusetts,2114
342-62-8995,799,Sergent,Gout,sgoutm6@freewebs.com,Male,17.97.167.19,532 Corscot Junction,Portland,Oregon,97211
227-44-7791,800,Betteann,Dykins,bdykinsm7@umn.edu,Female,205.41.112.71,6 Graceland Way,Shreveport,Louisiana,71130
815-34-6148,801,Nickolas,Soares,nsoaresm8@arizona.edu,Male,136.101.96.28,558 Sherman Alley,Saint Louis,Missouri,63136
640-99-5355,802,Roosevelt,Thewys,rthewysm9@google.com.br,Male,60.244.83.190,8047 East Drive,New Brunswick,New Jersey,8922
843-72-0944,803,Valle,Capron,vcapronma@cyberchimps.com,Male,150.183.26.238,4 Ohio Hill,Oakland,California,94627
783-45-5389,804,Gavin,Jeavons,gjeavonsmb@dot.gov,Male,80.168.155.158,0061 Birchwood Circle,Cambridge,Massachusetts,2142
323-92-4476,805,Brana,MacKnocker,bmacknockermc@aboutads.info,Female,123.224.235.60,036 High Crossing Terrace,San Francisco,California,94105
343-33-0904,806,Trev,Lagadu,tlagadumd@nifty.com,Male,206.225.210.139,88327 Pond Court,Muncie,Indiana,47306
184-64-0585,807,Emmey,Thaxton,ethaxtonme@fotki.com,Female,183.189.156.198,0 Grasskamp Park,Los Angeles,California,90087
491-77-2692,808,Sadye,Belfelt,sbelfeltmf@plala.or.jp,Female,122.89.225.48,2675 Barby Parkway,Honolulu,Hawaii,96810
397-36-9351,809,Sharon,Camillo,scamillomg@sfgate.com,Female,70.136.191.248,46 Artisan Pass,Berkeley,California,94705
420-44-5379,810,Dione,Harmer,dharmermh@washingtonpost.com,Female,195.57.127.113,277 Dwight Road,New York City,New York,10160
362-34-0150,811,George,Devericks,gdevericksmi@wp.com,Male,175.192.238.208,3 Randy Way,Clearwater,Florida,33758
375-38-9060,812,Sutton,Landrieu,slandrieumj@histats.com,Male,36.219.191.154,3 Macpherson Road,Riverside,California,92505
552-66-9638,813,Daphne,Caiger,dcaigermk@photobucket.com,Female,41.53.85.197,120 Sachtjen Alley,Houston,Texas,77218
837-83-5193,814,Douglass,Keyden,dkeydenml@tripod.com,Male,155.100.94.86,911 Gale Alley,Waco,Texas,76705
317-97-6446,815,Hayes,Klugman,hklugmanmm@qq.com,Male,122.197.76.251,5847 Anderson Hill,North Hollywood,California,91616
682-68-7760,816,Doralynne,Yeo,dyeomn@issuu.com,Female,11.47.207.90,381 Reindahl Place,Orlando,Florida,32891
868-40-1505,817,Storm,Jose,sjosemo@qq.com,Female,171.54.39.23,6 Del Sol Park,Sarasota,Florida,34276
582-62-9534,818,Fanchon,Leipold,fleipoldmp@toplist.cz,Female,129.56.70.25,8391 Spohn Circle,Greenville,South Carolina,29610
597-81-3491,819,Rivalee,English,renglishmq@miitbeian.gov.cn,Female,227.109.102.115,04343 Paget Street,Miami,Florida,33129
472-44-6261,820,Ansley,Spearman,aspearmanmr@amazon.co.uk,Female,30.84.133.118,1410 Mifflin Lane,Madison,Wisconsin,53785
371-45-2068,821,Kamila,Sammonds,ksammondsms@elegantthemes.com,Female,124.24.58.28,2057 Fremont Lane,Knoxville,Tennessee,37914
893-57-3445,822,Marris,Stanfield,mstanfieldmt@accuweather.com,Female,23.254.190.9,12800 Di Loreto Circle,Atlanta,Georgia,31119
173-14-9410,823,Antonia,McAmish,amcamishmu@g.co,Female,12.73.189.236,0227 Buhler Place,Washington,District of Columbia,20540
415-46-9201,824,Cyrus,Middlehurst,cmiddlehurstmv@businessweek.com,Male,77.14.62.125,30 Johnson Plaza,Madison,Wisconsin,53779
607-34-8944,825,Orrin,Ewbach,oewbachmw@blogspot.com,Male,174.3.218.231,80482 Buell Crossing,Sacramento,California,94250
850-07-4227,826,Fallon,Showers,fshowersmx@live.com,Female,186.13.66.181,39 Monica Way,Peoria,Illinois,61614
417-91-9284,827,Zsa zsa,Harriss,zharrissmy@1688.com,Female,205.34.16.100,421 Glacier Hill Crossing,Tulsa,Oklahoma,74108
672-62-7662,828,Irma,Sacase,isacasemz@instagram.com,Female,42.129.20.98,6 Crownhardt Trail,Fullerton,California,92835
150-66-5995,829,Cathrine,Dimeloe,cdimeloen0@amazon.co.jp,Female,89.155.214.154,318 Granby Road,Miami,Florida,33233
317-64-4691,830,Aldous,Beechcraft,abeechcraftn1@webnode.com,Male,108.75.241.225,63 Gulseth Center,Dallas,Texas,75260
717-27-0080,831,Cahra,Caird,ccairdn2@sphinn.com,Female,106.177.254.93,14101 Superior Pass,San Diego,California,92186
778-52-9675,832,Augusto,Sewell,asewelln3@ed.gov,Male,148.125.152.218,3 Waubesa Crossing,Phoenix,Arizona,85015
348-74-7245,833,Mariquilla,Tuckerman,mtuckermann4@si.edu,Female,215.131.242.194,071 Londonderry Terrace,Milwaukee,Wisconsin,53225
370-84-4642,834,Woodman,Stockall,wstockalln5@instagram.com,Male,176.58.75.237,980 Meadow Ridge Parkway,Reading,Pennsylvania,19610
454-80-2909,835,Germana,Bennie,gbennien6@cyberchimps.com,Female,188.84.235.183,45223 Ruskin Center,Topeka,Kansas,66642
165-47-0962,836,Anna,Hesser,ahessern7@gmpg.org,Female,186.131.133.0,780 Katie Lane,Raleigh,North Carolina,27621
545-44-9900,837,Gianni,Wrack,gwrackn8@123-reg.co.uk,Male,44.71.18.241,863 Onsgard Road,Minneapolis,Minnesota,55448
218-97-7490,838,Natalie,Meneo,nmeneon9@hao123.com,Female,118.22.234.155,72 Prentice Point,Houston,Texas,77085
365-56-0428,839,Tandie,Ganiford,tganifordna@vistaprint.com,Female,13.227.108.155,030 Columbus Avenue,Boulder,Colorado,80328
414-11-6803,840,Brewer,Clemitt,bclemittnb@jalbum.net,Male,219.208.120.28,641 Clyde Gallagher Court,Chicago,Illinois,60657
842-17-5120,841,Timotheus,Bellison,tbellisonnc@tamu.edu,Male,25.1.136.115,93 Hansons Street,Shawnee Mission,Kansas,66215
314-73-3751,842,Goddart,Christoforou,gchristoforound@bizjournals.com,Male,63.207.204.222,6 Columbus Court,Wilmington,Delaware,19810
513-73-9813,843,Garrick,Lindberg,glindbergne@pen.io,Male,220.161.254.119,1 Bellgrove Plaza,Sioux City,Iowa,51110
361-33-1178,844,Carlyle,Dot,cdotnf@boston.com,Male,173.215.206.210,2 Coolidge Street,Los Angeles,California,90071
281-63-1201,845,Jaine,Parrot,jparrotng@blogger.com,Female,95.218.53.114,7007 Starling Alley,Columbia,South Carolina,29215
657-85-9544,846,Rozina,Varnam,rvarnamnh@acquirethisname.com,Female,235.112.95.168,582 Texas Center,Farmington,Michigan,48335
341-82-7538,847,Maudie,Matejovsky,mmatejovskyni@ask.com,Female,232.44.229.25,2029 Swallow Point,New York City,New York,10105
225-74-3877,848,Reinaldos,Milward,rmilwardnj@reverbnation.com,Male,68.97.162.248,0177 Bluejay Crossing,San Antonio,Texas,78240
363-62-8854,849,Ajay,Van Arsdall,avanarsdallnk@meetup.com,Female,91.135.73.152,208 Corscot Point,Lubbock,Texas,79491
851-49-7260,850,Sarette,von Hagt,svonhagtnl@army.mil,Female,62.20.232.21,95 Laurel Circle,Lubbock,Texas,79415
793-15-5466,851,Emmalynn,Mursell,emursellnm@goo.ne.jp,Female,45.117.109.104,4 Kipling Plaza,Las Vegas,Nevada,89120
473-63-7079,852,Jo ann,Edden,jeddennn@myspace.com,Female,37.68.127.50,4644 Carberry Pass,Port Washington,New York,11054
463-21-3010,853,Flory,O'Daly,fodalyno@vk.com,Female,250.85.133.40,63869 Starling Parkway,San Antonio,Texas,78278
441-20-7773,854,Georg,Kelberman,gkelbermannp@netvibes.com,Male,214.188.61.224,70979 Kim Junction,Washington,District of Columbia,20268
499-62-8743,855,Jacobo,Gabby,jgabbynq@wordpress.org,Male,248.11.60.233,164 5th Hill,Chicago,Illinois,60604
550-39-2037,856,Herb,Rubee,hrubeenr@japanpost.jp,Male,202.57.171.240,8 Raven Plaza,Minneapolis,Minnesota,55458
293-85-1352,857,Tamarah,Emblin,temblinns@ning.com,Female,48.10.189.244,067 Kings Road,Washington,District of Columbia,20041
267-16-0580,858,Ruttger,Pochon,rpochonnt@cyberchimps.com,Male,251.221.248.77,0236 Dahle Center,Jacksonville,Florida,32230
559-03-2024,859,Rudolfo,Petry,rpetrynu@nationalgeographic.com,Male,188.26.194.140,4642 Harper Way,Fort Lauderdale,Florida,33355
835-72-2149,860,Worden,Ruddom,wruddomnv@arstechnica.com,Male,32.99.75.22,2 Waywood Alley,Torrance,California,90510
855-84-4988,861,Arv,Woollacott,awoollacottnw@usnews.com,Male,171.212.243.246,6 Old Shore Circle,Saginaw,Michigan,48604
404-12-8080,862,Bryant,Jaine,bjainenx@europa.eu,Male,102.183.3.134,0 Gulseth Place,Amarillo,Texas,79165
111-76-4551,863,Ellswerth,Brokenshaw,ebrokenshawny@bloglines.com,Male,30.243.0.107,2508 Northridge Drive,Grand Rapids,Michigan,49560
815-63-7348,864,Linnie,Orwin,lorwinnz@tripod.com,Female,176.203.74.180,263 Montana Pass,Springfield,Massachusetts,1114
898-01-0310,865,Sheilah,Gratland,sgratlando0@tripod.com,Female,145.109.170.137,8060 Gerald Point,Seattle,Washington,98133
472-31-7113,866,Eliot,Slaughter,eslaughtero1@surveymonkey.com,Male,176.97.160.249,546 Portage Trail,Memphis,Tennessee,38188
300-33-6839,867,Izzy,Allison,iallisono2@cam.ac.uk,Male,232.20.245.64,10 Butterfield Circle,Frankfort,Kentucky,40618
537-45-7211,868,Claudell,Willatts,cwillattso3@bigcartel.com,Male,113.6.51.170,66 Paget Place,Lubbock,Texas,79452
822-15-8282,869,Amalle,Kwiek,akwieko4@ucsd.edu,Female,170.248.12.107,1510 Fremont Drive,Birmingham,Alabama,35285
761-30-6247,870,Marlie,Weir,mweiro5@cdc.gov,Female,238.182.147.86,1447 Fairfield Drive,New York City,New York,10045
492-87-4649,871,Monte,End,mendo6@altervista.org,Male,223.217.133.124,3 New Castle Hill,Jacksonville,Florida,32225
143-43-5638,872,Georgeta,Itskovitz,gitskovitzo7@geocities.com,Female,50.184.94.112,9389 Morningstar Plaza,Philadelphia,Pennsylvania,19131
266-12-9979,873,Elberta,Machin,emachino8@macromedia.com,Female,255.183.3.111,47 Blaine Lane,Newport Beach,California,92662
241-97-0872,874,Sholom,Ducker,sduckero9@trellian.com,Male,235.116.11.102,2418 Scofield Terrace,Washington,District of Columbia,20508
151-86-1958,875,Batholomew,Birchenhead,bbirchenheadoa@taobao.com,Male,162.96.213.197,1 Eliot Street,Fort Myers,Florida,33913
533-06-3235,876,Ebony,Macken,emackenob@eepurl.com,Female,113.137.40.212,37567 Shoshone Drive,Dallas,Texas,75387
215-62-0426,877,Nealson,Milthorpe,nmilthorpeoc@bbb.org,Male,164.85.60.253,27 Center Park,Pittsburgh,Pennsylvania,15286
127-89-5430,878,Sandye,Kitchenham,skitchenhamod@reverbnation.com,Female,230.252.17.95,93 Hollow Ridge Junction,Lehigh Acres,Florida,33972
417-85-9097,879,Giordano,Whitworth,gwhitworthoe@washington.edu,Male,154.40.69.79,877 Clyde Gallagher Hill,Huntington,West Virginia,25726
159-32-0460,880,Silvanus,Wardle,swardleof@va.gov,Male,43.65.145.220,266 Stone Corner Avenue,Fort Worth,Texas,76115
788-49-2767,881,Rance,Christin,rchristinog@sciencedirect.com,Male,63.202.57.180,5 Mosinee Road,New York City,New York,10125
430-19-7836,882,Mart,Cesco,mcescooh@comsenz.com,Male,196.70.117.109,50166 Meadow Vale Drive,Washington,District of Columbia,20005
475-03-2850,883,Bartlet,Potzold,bpotzoldoi@scientificamerican.com,Male,65.116.126.234,065 Lakeland Alley,Columbus,Georgia,31904
668-37-8598,884,Marilyn,Gitsham,mgitshamoj@kickstarter.com,Female,244.198.244.36,621 Division Point,Fresno,California,93750
880-10-5089,885,Reggy,McCurtin,rmccurtinok@geocities.com,Male,145.251.98.217,702 Nobel Road,Memphis,Tennessee,38188
512-73-1181,886,Essie,Larrad,elarradol@biblegateway.com,Female,77.45.209.8,9620 Colorado Drive,Boise,Idaho,83722
608-60-9774,887,Shirlee,Skypp,sskyppom@vkontakte.ru,Female,163.255.201.160,900 Warbler Plaza,Fredericksburg,Virginia,22405
330-94-5470,888,Gwendolen,Kamall,gkamallon@surveymonkey.com,Female,129.241.13.136,79663 Daystar Plaza,Tyler,Texas,75705
715-17-3189,889,Legra,Hinchon,lhinchonoo@ed.gov,Female,177.163.15.45,185 Lyons Plaza,Tampa,Florida,33633
376-02-4424,890,Andrej,Scryne,ascryneop@forbes.com,Male,116.76.127.237,41 Golf Drive,Sacramento,California,94263
136-89-3015,891,Aylmer,Mandrey,amandreyoq@army.mil,Male,171.220.31.254,4908 Aberg Place,Greensboro,North Carolina,27409
386-77-4736,892,Godfree,McChesney,gmcchesneyor@newsvine.com,Male,18.78.90.101,77 Arapahoe Hill,Des Moines,Iowa,50310
245-74-3133,893,Perry,Winkett,pwinkettos@bizjournals.com,Male,148.211.181.75,47 Harper Center,Bryan,Texas,77806
622-40-5010,894,Giulia,Borland,gborlandot@home.pl,Female,83.142.211.235,59249 Blackbird Trail,Raleigh,North Carolina,27690
794-38-0101,895,Clerc,Northall,cnorthallou@jiathis.com,Male,25.56.122.28,8 Derek Avenue,Richmond,Virginia,23272
580-99-5875,896,Shurlock,Tomkys,stomkysov@independent.co.uk,Male,205.157.20.10,6177 Kim Way,Indianapolis,Indiana,46207
107-36-5475,897,Adlai,Treweela,atreweelaow@unblog.fr,Male,215.187.128.56,82239 Tennyson Park,Winston Salem,North Carolina,27116
145-14-4343,898,Haskell,Aimeric,haimericox@techcrunch.com,Male,95.148.252.153,501 Barby Court,Saint Louis,Missouri,63167
527-02-9584,899,Durante,Mayhead,dmayheadoy@mapy.cz,Male,202.88.68.252,75 Green Park,Richmond,Virginia,23260
134-16-8287,900,Krista,Stanlack,kstanlackoz@free.fr,Female,90.118.19.75,4109 Nelson Plaza,Honolulu,Hawaii,96840
423-20-4735,901,Athena,Deane,adeanep0@un.org,Female,234.103.42.184,74 Gerald Crossing,Young America,Minnesota,55557
595-71-6308,902,Darelle,Lazell,dlazellp1@miibeian.gov.cn,Female,243.200.195.28,7 Glendale Terrace,Wichita,Kansas,67230
717-86-9814,903,Zolly,Silver,zsilverp2@devhub.com,Male,3.217.185.116,1194 Fordem Pass,Corpus Christi,Texas,78470
622-83-8183,904,Estella,Drexel,edrexelp3@nsw.gov.au,Female,184.36.21.49,05 North Point,Saint Petersburg,Florida,33715
495-09-0340,905,Deeyn,Vasyunichev,dvasyunichevp4@zdnet.com,Female,111.45.152.149,2 Iowa Parkway,Huntington,West Virginia,25721
640-61-6444,906,Nadia,Netley,nnetleyp5@bbc.co.uk,Female,49.207.249.114,3 Armistice Avenue,Pittsburgh,Pennsylvania,15286
520-77-6964,907,Friedrich,Gason,fgasonp6@flickr.com,Male,57.165.134.139,23781 Porter Circle,Shreveport,Louisiana,71166
455-07-1886,908,Anderson,Niezen,aniezenp7@e-recht24.de,Male,206.81.219.73,7 Melody Terrace,Saint Louis,Missouri,63196
250-15-6650,909,Norris,Arnfield,narnfieldp8@weather.com,Male,250.75.254.124,82693 Lindbergh Road,Houston,Texas,77234
104-91-7504,910,Phineas,Penhaleurack,ppenhaleurackp9@artisteer.com,Male,136.211.151.246,27 Starling Pass,Louisville,Kentucky,40280
814-82-7594,911,Garvy,Scholling,gschollingpa@ocn.ne.jp,Male,37.147.163.135,9 Hayes Street,Dearborn,Michigan,48126
541-01-3439,912,Waiter,Haitlie,whaitliepb@dropbox.com,Male,85.200.240.79,64 Fisk Court,Columbus,Ohio,43204
721-30-9568,913,Lorry,Meldrum,lmeldrumpc@xrea.com,Male,89.229.61.74,67623 Corben Road,Duluth,Georgia,30195
340-06-2524,914,Carmen,Collip,ccollippd@privacy.gov.au,Female,71.26.104.85,25 Paget Park,Washington,District of Columbia,20425
100-98-1750,915,Hayden,McLagain,hmclagainpe@geocities.com,Male,60.166.49.188,8877 Main Terrace,Tulsa,Oklahoma,74193
154-26-3427,916,Joceline,Christescu,jchristescupf@example.com,Female,132.66.177.132,41194 Lindbergh Avenue,Tulsa,Oklahoma,74193
557-86-2879,917,Jere,Spackman,jspackmanpg@edublogs.org,Male,83.209.128.188,013 Golf Course Terrace,Schenectady,New York,12325
521-37-9671,918,Merissa,Skerman,mskermanph@creativecommons.org,Female,143.74.82.32,8 Hollow Ridge Place,Rochester,New York,14683
324-78-3334,919,Aline,Tanton,atantonpi@ehow.com,Female,26.61.237.55,4 Tomscot Park,Washington,District of Columbia,20062
107-01-9302,920,Danita,Townby,dtownbypj@slate.com,Female,101.53.97.229,7 Morrow Place,Birmingham,Alabama,35263
771-36-8777,921,Hazlett,Corish,hcorishpk@t-online.de,Male,126.40.33.211,9704 Old Gate Center,Greensboro,North Carolina,27415
756-01-3705,922,Malachi,Gurton,mgurtonpl@pagesperso-orange.fr,Male,173.1.192.15,951 Lakewood Gardens Hill,Albuquerque,New Mexico,87110
370-27-6473,923,Timi,Rohlfs,trohlfspm@usgs.gov,Female,116.227.218.182,84250 Stephen Point,Vancouver,Washington,98682
286-70-3196,924,Jeanette,Renols,jrenolspn@psu.edu,Female,124.94.99.48,6097 Graceland Avenue,Kansas City,Missouri,64114
269-01-3521,925,Bellina,Skeleton,bskeletonpo@furl.net,Female,39.7.195.83,7125 3rd Avenue,Springfield,Illinois,62718
290-26-4258,926,Melvin,Crips,mcripspp@oracle.com,Male,72.218.142.137,50 Hallows Pass,Los Angeles,California,90025
296-78-5968,927,Abrahan,Hatchell,ahatchellpq@opensource.org,Male,64.102.103.105,6426 Huxley Circle,Rockford,Illinois,61110
869-96-2633,928,Alasdair,Lile,alilepr@dyndns.org,Male,125.122.240.192,3385 Badeau Lane,Columbia,South Carolina,29208
750-31-5202,929,Jeremiah,Arnold,jarnoldps@techcrunch.com,Male,226.149.109.139,50 Randy Circle,White Plains,New York,10633
466-05-3633,930,Benedetto,Greystock,bgreystockpt@abc.net.au,Male,192.237.75.4,5 Washington Lane,Levittown,Pennsylvania,19058
342-76-6094,931,Dionis,Sire,dsirepu@foxnews.com,Female,85.59.241.121,26812 Shasta Court,Reno,Nevada,89505
563-28-3317,932,Alfie,McGillecole,amcgillecolepv@mtv.com,Male,153.82.207.252,2 Elka Road,Montgomery,Alabama,36195
818-35-6712,933,Friederike,Fern,ffernpw@cafepress.com,Female,43.177.114.164,8913 2nd Drive,Levittown,Pennsylvania,19058
502-59-3439,934,Roda,Carlon,rcarlonpx@squarespace.com,Female,152.227.111.98,7 Express Circle,Macon,Georgia,31205
214-54-7615,935,Izak,Crop,icroppy@over-blog.com,Male,93.221.162.98,006 Blackbird Trail,Tulsa,Oklahoma,74149
170-11-8524,936,Mattie,Erb,merbpz@oracle.com,Male,13.60.208.60,7561 Shopko Pass,Albuquerque,New Mexico,87195
442-58-1885,937,Archibald,Cordingley,acordingleyq0@imageshack.us,Male,214.117.152.46,120 Delladonna Center,Arvada,Colorado,80005
395-56-2081,938,Florella,Grundey,fgrundeyq1@yale.edu,Female,99.122.51.229,7788 Hallows Parkway,Los Angeles,California,90025
815-27-0032,939,Wilbert,Dearlove,wdearloveq2@upenn.edu,Male,211.3.219.132,2 Sherman Pass,Evansville,Indiana,47712
564-29-1947,940,Collin,Livens,clivensq3@sitemeter.com,Male,184.140.123.254,6172 Haas Terrace,Portland,Oregon,97221
468-87-2388,941,Misha,Drain,mdrainq4@addtoany.com,Female,177.233.110.30,8 Harbort Junction,Akron,Ohio,44393
216-12-8272,942,Parsifal,Lafaye,plafayeq5@dion.ne.jp,Male,184.15.74.219,68642 Jenifer Pass,Winston Salem,North Carolina,27150
315-28-8012,943,Zed,Poag,zpoagq6@bloomberg.com,Male,72.40.84.173,98 Stang Avenue,Gaithersburg,Maryland,20883
655-43-6366,944,Ignaz,Silley,isilleyq7@soup.io,Male,105.190.209.56,9 Cambridge Court,Charleston,South Carolina,29416
292-35-5444,945,Ruprecht,Chevalier,rchevalierq8@businessinsider.com,Male,187.16.54.154,9 6th Street,Decatur,Georgia,30089
625-49-3235,946,Erna,Haward,ehawardq9@pinterest.com,Female,159.100.38.175,027 Wayridge Avenue,Cleveland,Ohio,44111
732-42-0855,947,Eb,Harcombe,eharcombeqa@dell.com,Male,18.190.87.139,42 Ohio Drive,Sioux Falls,South Dakota,57198
390-67-5411,948,Virgil,Coltherd,vcoltherdqb@ow.ly,Male,73.71.2.252,34836 Mosinee Way,Huntsville,Alabama,35810
526-84-8149,949,Shirlee,Ruxton,sruxtonqc@yale.edu,Female,251.203.186.190,4 Holmberg Hill,Atlanta,Georgia,30386
369-04-3978,950,Lonee,Colaton,lcolatonqd@about.me,Female,181.135.208.61,05 Kinsman Trail,Newark,New Jersey,7195
450-40-8032,951,Hermine,Dower,hdowerqe@who.int,Female,104.216.129.125,19675 Daystar Pass,Tucson,Arizona,85715
193-37-7822,952,Kelcey,Cutler,kcutlerqf@fema.gov,Female,117.233.77.138,667 Old Shore Hill,San Jose,California,95113
724-16-0496,953,Matthew,Connick,mconnickqg@friendfeed.com,Male,234.163.118.107,06 Golf Course Trail,Berkeley,California,94712
471-85-8862,954,Lenee,Sleet,lsleetqh@redcross.org,Female,181.16.78.248,21 Ridgeway Place,Fairfield,Connecticut,6825
170-90-7965,955,Dewitt,Curnnokk,dcurnnokkqi@pbs.org,Male,148.236.117.133,28 Mitchell Park,Macon,Georgia,31217
680-90-7922,956,Wald,Burtwhistle,wburtwhistleqj@umich.edu,Male,249.163.57.245,09443 Morningstar Terrace,Wichita,Kansas,67260
847-87-0649,957,Clair,Maltster,cmaltsterqk@ebay.com,Male,62.151.86.80,33408 Tennyson Hill,Louisville,Kentucky,40293
852-07-6791,958,Jerri,Ciccottini,jciccottiniql@wisc.edu,Male,2.159.209.72,85 Texas Center,Austin,Texas,78769
831-22-0804,959,Charo,Clausen,cclausenqm@ox.ac.uk,Female,127.54.144.152,28428 Spaight Crossing,Fargo,North Dakota,58122
500-05-9944,960,Timothee,Rampage,trampageqn@jigsy.com,Male,55.43.235.178,1236 Onsgard Circle,El Paso,Texas,79994
769-69-7372,961,Alis,Saffon,asaffonqo@netlog.com,Female,121.244.172.36,37 Lerdahl Crossing,Indianapolis,Indiana,46254
820-53-7329,962,Lucio,Mac Giany,lmacgianyqp@sohu.com,Male,83.47.149.94,4 Bowman Court,Nashville,Tennessee,37235
702-41-1227,963,Odetta,Yates,oyatesqq@friendfeed.com,Female,52.141.213.125,3 American Ash Trail,Toledo,Ohio,43666
886-93-0844,964,Alric,Jebb,ajebbqr@nationalgeographic.com,Male,160.82.219.107,6036 Miller Hill,Decatur,Georgia,30089
483-53-4286,965,Jozef,Plampeyn,jplampeynqs@youtu.be,Male,178.113.150.246,54 Lien Parkway,Los Angeles,California,90025
187-77-7305,966,Frannie,Allred,fallredqt@cafepress.com,Female,65.150.92.226,8631 Ridge Oak Court,Denver,Colorado,80262
250-47-5026,967,Samara,Bruhnsen,sbruhnsenqu@cafepress.com,Female,5.37.6.188,16 Caliangt Road,Pittsburgh,Pennsylvania,15225
475-09-8869,968,Harri,Teanby,hteanbyqv@ftc.gov,Female,21.184.6.85,810 Spaight Crossing,Valdosta,Georgia,31605
711-40-3137,969,Veronique,Ferrieri,vferrieriqw@dailymotion.com,Female,162.100.7.48,9 Oneill Alley,San Francisco,California,94110
355-04-8072,970,Michell,Hains,mhainsqx@hugedomains.com,Female,247.246.237.52,21000 Monument Terrace,Oklahoma City,Oklahoma,73179
324-03-6251,971,Meris,Antonik,mantonikqy@about.me,Female,15.86.194.113,6 Surrey Crossing,Newark,New Jersey,7104
430-76-7323,972,Barthel,Hardison,bhardisonqz@xing.com,Male,162.118.36.174,201 Fairview Drive,Baton Rouge,Louisiana,70836
635-21-5492,973,Sutherlan,Pineaux,spineauxr0@loc.gov,Male,206.220.58.69,7423 Straubel Terrace,Vero Beach,Florida,32969
548-01-9254,974,Clarice,Harroll,charrollr1@admin.ch,Female,194.188.203.80,7 Thompson Alley,Yonkers,New York,10705
867-13-2505,975,Olimpia,Atcock,oatcockr2@shinystat.com,Female,253.11.15.211,35762 Fair Oaks Circle,Minneapolis,Minnesota,55436
190-19-3692,976,Daffi,Lynagh,dlynaghr3@webmd.com,Female,139.91.29.157,25437 Sherman Road,Salem,Oregon,97306
847-82-9818,977,Juli,Faull,jfaullr4@miitbeian.gov.cn,Female,78.175.237.214,1 Loomis Hill,Cleveland,Ohio,44111
312-97-9360,978,Bendick,Ritter,britterr5@jigsy.com,Male,52.175.70.232,232 Independence Lane,Lees Summit,Missouri,64082
378-95-8519,979,Hugibert,Cherrie,hcherrier6@drupal.org,Male,106.177.135.31,9 Sage Place,Crawfordsville,Indiana,47937
162-32-1877,980,Dal,Ryce,drycer7@discuz.net,Male,99.112.113.4,73998 Clarendon Hill,Winston Salem,North Carolina,27110
514-01-0161,981,Veradis,Burnsides,vburnsidesr8@accuweather.com,Female,237.95.34.175,15 Utah Park,Jacksonville,Florida,32225
853-06-4036,982,Stanislaus,Humphrey,shumphreyr9@uol.com.br,Male,176.182.171.53,27632 Cottonwood Circle,Fort Smith,Arkansas,72905
388-39-8485,983,Kalindi,Tilney,ktilneyra@is.gd,Female,102.111.140.39,94 Nevada Trail,Boca Raton,Florida,33499
229-38-2973,984,Tonye,Abdey,tabdeyrb@cocolog-nifty.com,Female,93.161.217.246,695 Summer Ridge Trail,Albuquerque,New Mexico,87140
294-42-9524,985,Brinna,Sturge,bsturgerc@domainmarket.com,Female,51.241.242.71,99 Magdeline Hill,Redwood City,California,94064
265-39-4826,986,Alberta,MacKenney,amackenneyrd@icq.com,Female,197.115.177.119,3 Vera Junction,Topeka,Kansas,66622
866-26-9099,987,Nappy,Dusey,nduseyre@blogspot.com,Male,202.54.81.4,01 Twin Pines Point,Lake Worth,Florida,33467
227-43-4132,988,Thomasin,Cawt,tcawtrf@sogou.com,Female,34.213.201.218,09460 International Parkway,Colorado Springs,Colorado,80995
407-88-9018,989,Ileana,Murra,imurrarg@1und1.de,Female,130.26.28.35,0 Sugar Road,Warren,Michigan,48092
851-68-0699,990,Chrisy,Altham,calthamrh@scientificamerican.com,Male,26.122.206.73,70836 Manitowish Place,Johnstown,Pennsylvania,15906
308-35-7943,991,Kyle,Pulsford,kpulsfordri@disqus.com,Male,52.88.10.21,24473 Summit Crossing,Salt Lake City,Utah,84120
399-04-1155,992,Emmott,Allardyce,eallardycerj@deliciousdays.com,Male,105.202.76.42,942 Prentice Terrace,Boston,Massachusetts,2109
474-11-4278,993,Claire,Mattinson,cmattinsonrk@smh.com.au,Female,48.7.69.138,21687 Grim Junction,Richmond,Virginia,23260
528-22-2172,994,Kyle,Pigrome,kpigromerl@twitpic.com,Male,20.1.249.130,5 Clyde Gallagher Plaza,Des Moines,Iowa,50981
499-18-9345,995,Flss,Halm,fhalmrm@unesco.org,Female,163.120.232.158,98 Jenifer Parkway,Las Vegas,Nevada,89178
777-35-9949,996,Aline,Laurenz,alaurenzrn@globo.com,Female,230.31.230.18,4 Lakewood Road,Toledo,Ohio,43605
863-10-8431,997,Rorke,Hammill,rhammillro@nih.gov,Male,42.45.159.72,2 Esker Road,Monticello,Minnesota,55590
651-93-9048,998,Karin,Ingyon,kingyonrp@wiley.com,Female,184.195.213.118,574 Jana Trail,Providence,Rhode Island,2905
519-95-7162,999,Lissa,Hatliffe,lhatlifferq@disqus.com,Female,66.109.90.33,0 Paget Pass,Mc Keesport,Pennsylvania,15134
545-47-7571,1000,Paulo,Thorpe,pthorperr@patch.com,Male,194.242.143.165,166 Blue Bill Park Parkway,Odessa,Texas,79769
