ssn,id,first_name,last_name,email,gender,ip_address,address,city,state,zip
287-43-8531,1,Cooper,Luffman,cluffman0@nifty.com,Male,194.222.101.195,2 Killdeer Way,Atlanta,Georgia,30343
892-80-0931,2,Grata,Pulteneye,gpulteneye1@taobao.com,Female,161.4.88.129,486 Butterfield Crossing,Washington,District of Columbia,20503
502-50-6643,3,Rogerio,Glover,rglover2@nps.gov,Male,88.58.129.152,3 Granby Circle,Sacramento,California,94280
238-57-8444,4,Melisandra,Gunstone,mgunstone3@gnu.org,Female,56.162.161.35,68294 Schiller Lane,Washington,District of Columbia,20319
127-05-5515,5,Michail,McKune,mmckune4@sina.com.cn,Male,69.210.227.104,2 Bayside Way,Birmingham,Alabama,35263
214-11-1791,6,Bari,Mont,bmont5@vkontakte.ru,Female,208.57.174.207,6837 Sugar Court,Los Angeles,California,90015
501-58-1290,7,Sollie,Angear,sangear6@disqus.com,Male,39.78.158.172,0 Portage Center,Hartford,Connecticut,6145
242-23-0804,8,Retha,Dyka,rdyka7@facebook.com,Female,254.159.96.156,1 Sauthoff Lane,Pompano Beach,Florida,33064
898-84-8195,9,Nerissa,Thorwarth,nthorwarth8@oakley.com,Female,106.219.0.76,9248 Eagle Crest Point,Louisville,Kentucky,40287
847-36-7026,10,Northrop,Mayward,nmayward9@1und1.de,Male,134.119.127.126,31529 Miller Park,Springfield,Massachusetts,1105
394-82-0761,11,Louie,Smardon,lsmardona@tuttocitta.it,Male,44.167.116.7,25 Eagan Hill,Columbus,Ohio,43268
508-71-4162,12,Glory,Allicock,gallicockb@xinhuanet.com,Female,69.33.63.151,7992 Independence Lane,Mobile,Alabama,36622
575-42-0687,13,Tremayne,Millwater,tmillwaterc@hao123.com,Male,80.238.155.146,5 Oriole Place,Atlanta,Georgia,30336
333-97-9221,14,Eulalie,Raithmill,eraithmilld@angelfire.com,Female,164.143.136.37,9146 Vera Park,Lakeland,Florida,33805
763-96-3110,15,Michelle,Toffolini,mtoffolinie@woothemes.com,Female,147.75.138.136,00 Northview Plaza,Washington,District of Columbia,20226
555-05-1071,16,Beverly,Beisley,bbeisleyf@mapquest.com,Female,68.193.50.157,19 Toban Hill,Cincinnati,Ohio,45228
832-93-9326,17,Levi,Yashaev,lyashaevg@mapy.cz,Male,217.34.175.16,9 Mariners Cove Terrace,Philadelphia,Pennsylvania,19172
252-82-8389,18,Donia,O'Donegan,dodoneganh@indiegogo.com,Female,224.146.205.91,28 5th Terrace,Savannah,Georgia,31422
869-24-9530,19,Eada,Giacovazzo,egiacovazzoi@example.com,Female,149.200.113.22,9562 Montana Junction,Providence,Rhode Island,2912
208-61-2798,20,Sander,Marzele,smarzelej@timesonline.co.uk,Male,6.119.21.123,509 Delaware Plaza,West Palm Beach,Florida,33411
840-80-5497,21,Leanora,Rookledge,lrookledgek@cbslocal.com,Female,16.226.55.136,790 Schlimgen Plaza,Modesto,California,95397
303-88-4869,22,Morten,Gedge,mgedgel@domainmarket.com,Male,66.31.255.88,951 Manley Terrace,Saint Louis,Missouri,63169
353-13-8141,23,Trenna,Scrange,tscrangem@usatoday.com,Female,150.213.80.201,247 Pierstorff Pass,San Francisco,California,94105
527-91-0802,24,Alain,Collinson,acollinsonn@shinystat.com,Male,130.19.239.76,72840 Holy Cross Terrace,Wichita Falls,Texas,76305
817-05-0356,25,Dorian,Glendinning,dglendinningo@sbwire.com,Male,242.167.63.247,5424 Homewood Court,West Palm Beach,Florida,33416
248-15-4224,26,Catherina,Fidler,cfidlerp@technorati.com,Female,208.219.74.188,16 Duke Junction,Atlanta,Georgia,31165
123-67-3447,27,Ada,Storry,astorryq@trellian.com,Female,235.169.46.118,42400 Florence Park,Omaha,Nebraska,68197
715-08-1470,28,Tamma,Snarie,tsnarier@seattletimes.com,Female,158.27.191.154,54431 Dahle Alley,Orlando,Florida,32854
127-09-0210,29,Winona,Hosier,whosiers@simplemachines.org,Female,97.25.56.61,5 Granby Circle,Las Vegas,Nevada,89125
679-86-0483,30,Lila,Brattell,lbrattellt@psu.edu,Female,155.127.115.182,5500 Vidon Parkway,Saint Louis,Missouri,63131
557-47-9408,31,Hillery,Craighead,hcraigheadu@wunderground.com,Male,162.22.195.155,90 Alpine Park,Irvine,California,92619
819-13-0739,32,Giffer,Apark,gaparkv@wordpress.org,Male,33.150.156.101,93513 Namekagon Court,Richmond,Virginia,23293
472-74-3593,33,Kylie,Baddoe,kbaddoew@uol.com.br,Male,85.2.39.249,729 Fulton Court,Tulsa,Oklahoma,74170
863-55-9322,34,Rosabel,Priestner,rpriestnerx@geocities.jp,Female,187.199.202.82,0934 Blaine Junction,El Paso,Texas,79999
427-39-7711,35,Lazarus,OIlier,loiliery@tinypic.com,Male,52.11.184.79,807 Amoth Lane,Mesa,Arizona,85205
123-62-3450,36,Stu,MacPhail,smacphailz@netlog.com,Male,245.155.67.140,78665 Maple Park,Washington,District of Columbia,20535
161-92-5794,37,Deana,Streat,dstreat10@people.com.cn,Female,34.166.154.199,108 West Pass,Anniston,Alabama,36205
558-63-6912,38,Price,Fitzmaurice,pfitzmaurice11@reuters.com,Male,80.177.162.56,8 Rockefeller Center,El Paso,Texas,88535
875-30-6314,39,Lonny,Ditzel,lditzel12@answers.com,Male,118.139.146.95,6 Carberry Street,Henderson,Nevada,89012
470-86-5832,40,Vern,Dundon,vdundon13@cisco.com,Male,249.106.159.100,1959 Manley Park,Indianapolis,Indiana,46239
886-51-9186,41,Ranice,Moneypenny,rmoneypenny14@uiuc.edu,Female,114.231.45.230,7663 Derek Parkway,Richmond,Virginia,23208
319-97-3702,42,Rhianna,Hargey,rhargey15@cpanel.net,Female,78.122.84.147,535 Ramsey Pass,San Antonio,Texas,78230
496-56-2235,43,Mathilde,Thackray,mthackray16@imdb.com,Female,88.19.60.189,39 Hallows Parkway,El Paso,Texas,79905
510-69-0069,44,Carny,Hallgalley,challgalley17@hao123.com,Male,91.211.53.140,94 Maple Wood Junction,San Antonio,Texas,78235
537-42-4808,45,Leupold,Morkham,lmorkham18@latimes.com,Male,149.215.154.194,277 Everett Way,San Diego,California,92165
414-75-7096,46,Nadia,Turnell,nturnell19@sphinn.com,Female,31.228.184.201,2 Elka Pass,Erie,Pennsylvania,16510
622-66-9522,47,Gottfried,Gawler,ggawler1a@businessweek.com,Male,178.143.203.146,847 Sullivan Crossing,Erie,Pennsylvania,16522
230-56-2433,48,Luisa,Luparto,lluparto1b@google.nl,Female,160.8.107.141,80624 Vera Center,Santa Rosa,California,95405
753-49-0643,49,Kevan,Guillem,kguillem1c@boston.com,Male,75.134.212.197,9 Thierer Lane,Whittier,California,90605
378-67-3018,50,Todd,Lewton,tlewton1d@last.fm,Male,142.22.99.131,8157 Mockingbird Drive,Winston Salem,North Carolina,27157
290-66-0013,51,Herve,Liverock,hliverock1e@wsj.com,Male,104.102.214.164,613 Killdeer Park,Chicago,Illinois,60674
147-16-6906,52,Rosaline,Mularkey,rmularkey1f@flavors.me,Female,10.195.12.236,8090 Hauk Lane,Baltimore,Maryland,21229
184-46-1319,53,Hyacinthe,Matushevich,hmatushevich1g@github.io,Female,66.237.101.170,189 Hazelcrest Pass,Ocala,Florida,34479
349-76-0191,54,Ev,Rowston,erowston1h@nba.com,Male,111.148.254.99,33 Division Parkway,Jacksonville,Florida,32255
179-12-3203,55,Richy,Bazoche,rbazoche1i@state.tx.us,Male,42.212.90.230,5 Judy Place,Salt Lake City,Utah,84145
730-84-5910,56,Burch,Crigin,bcrigin1j@behance.net,Male,213.74.160.4,6 Raven Point,Rochester,New York,14683
350-92-8598,57,Merrick,Gleadhall,mgleadhall1k@wp.com,Male,185.124.191.252,806 Golf Alley,El Paso,Texas,79984
483-28-0502,58,Carrissa,Docker,cdocker1l@tinypic.com,Female,104.142.168.24,3343 7th Lane,Louisville,Kentucky,40298
192-57-9472,59,Indira,Benfell,ibenfell1m@google.es,Female,83.167.250.48,2 Pearson Alley,Miami,Florida,33164
341-06-3799,60,Gradeigh,Muris,gmuris1n@typepad.com,Male,52.48.200.218,9072 Caliangt Alley,Tampa,Florida,33620
188-40-4586,61,Morey,Miguet,mmiguet1o@blogtalkradio.com,Male,139.14.195.203,05125 Nevada Pass,Winston Salem,North Carolina,27110
388-64-7256,62,Dawna,Ponsford,dponsford1p@slashdot.org,Female,65.21.246.80,70703 Dryden Pass,Raleigh,North Carolina,27610
682-91-7501,63,Diandra,Ceillier,dceillier1q@slate.com,Female,209.91.214.173,1014 School Center,Fairbanks,Alaska,99790
656-87-5795,64,Yuma,Fitzackerley,yfitzackerley1r@plala.or.jp,Male,13.236.37.171,45 Merchant Court,Saint Louis,Missouri,63180
166-48-3117,65,Henri,Greeve,hgreeve1s@moonfruit.com,Male,198.179.42.160,37871 Tomscot Way,Houston,Texas,77271
576-22-4844,66,Kandy,Whapple,kwhapple1t@google.cn,Female,183.83.40.1,8 Cordelia Parkway,Fairbanks,Alaska,99790
147-87-8270,67,Mara,Mundall,mmundall1u@instagram.com,Female,197.47.29.23,9 Schmedeman Avenue,Fort Worth,Texas,76147
609-67-5110,68,Gaspar,Dowling,gdowling1v@angelfire.com,Male,75.108.142.38,9958 Texas Center,Atlanta,Georgia,30343
636-05-2231,69,Karolina,Dillistone,kdillistone1w@e-recht24.de,Female,169.157.176.26,27 Southridge Lane,Winston Salem,North Carolina,27157
584-57-3643,70,Kile,Ronchi,kronchi1x@un.org,Male,74.242.54.76,33 Hoepker Pass,Washington,District of Columbia,20551
126-12-8741,71,Alistair,Birkbeck,abirkbeck1y@typepad.com,Male,49.35.240.153,35008 Rusk Drive,Houston,Texas,77228
176-71-4251,72,Vanni,Prosch,vprosch1z@infoseek.co.jp,Female,51.241.51.212,730 Transport Pass,Alexandria,Virginia,22301
201-14-2772,73,Kendra,Adenet,kadenet20@slate.com,Female,96.175.213.60,18 Corry Trail,Phoenix,Arizona,85072
692-43-7511,74,Sharia,Rabl,srabl21@tinypic.com,Female,170.44.125.182,8 Hudson Pass,Albany,New York,12247
516-63-5790,75,Glyn,Goodliffe,ggoodliffe22@wordpress.org,Male,215.80.6.58,57 Chive Park,New York City,New York,10060
468-80-1819,76,Diego,Hainsworth,dhainsworth23@g.co,Male,84.2.154.231,1512 Oakridge Circle,Shreveport,Louisiana,71166
796-44-3212,77,Melamie,Woolfall,mwoolfall24@cloudflare.com,Female,240.236.55.226,456 Northland Pass,Honolulu,Hawaii,96815
587-79-7707,78,Irena,O'Longain,iolongain25@state.tx.us,Female,150.62.146.45,3832 Sloan Hill,Dallas,Texas,75379
670-22-6972,79,Jacynth,Gavaran,jgavaran26@aboutads.info,Female,154.69.201.160,638 Upham Plaza,Bakersfield,California,93311
624-70-0856,80,Ellery,Chaffen,echaffen27@issuu.com,Male,182.208.17.225,2 Blackbird Avenue,Newport News,Virginia,23605
308-26-7427,81,Morse,Vines,mvines28@zdnet.com,Male,223.242.183.122,5 Bultman Place,Portland,Oregon,97221
231-56-5514,82,Casper,Mathivon,cmathivon29@dot.gov,Male,155.3.232.145,9 Stoughton Circle,Indianapolis,Indiana,46221
328-41-3064,83,Fania,Flageul,fflageul2a@illinois.edu,Female,153.104.62.106,9 Rowland Junction,Colorado Springs,Colorado,80915
284-80-0760,84,Hanny,Marking,hmarking2b@wordpress.com,Female,136.79.64.168,5104 Monica Center,Winston Salem,North Carolina,27110
767-36-7755,85,Beatrisa,Parley,bparley2c@shinystat.com,Female,76.140.222.54,5 Manley Way,Stockton,California,95210
615-03-1406,86,Nestor,Morde,nmorde2d@amazon.co.jp,Male,102.223.9.187,84 Cardinal Crossing,Roanoke,Virginia,24009
700-75-8495,87,Aretha,De Angelis,adeangelis2e@archive.org,Female,78.10.74.68,3 Badeau Terrace,New York City,New York,10014
288-65-1716,88,Ray,Mallows,rmallows2f@vimeo.com,Male,220.119.151.173,7 Clyde Gallagher Parkway,Corona,California,92878
109-04-0235,89,Minna,Kittless,mkittless2g@unc.edu,Female,50.237.41.114,7 Pine View Plaza,Miami,Florida,33124
436-95-7005,90,Franky,Rosenzwig,frosenzwig2h@bbc.co.uk,Female,157.96.186.61,82483 Clarendon Park,Charleston,West Virginia,25336
631-30-1684,91,Eden,Underdown,eunderdown2i@cyberchimps.com,Female,173.188.103.157,3692 Dixon Center,Visalia,California,93291
275-54-2531,92,Bess,Rosone,brosone2j@simplemachines.org,Female,74.37.199.133,6 Eastwood Terrace,Knoxville,Tennessee,37924
739-94-9697,93,Wilbur,Winder,wwinder2k@forbes.com,Male,214.4.76.66,731 Vernon Terrace,Silver Spring,Maryland,20904
205-66-3796,94,Lyon,Huygen,lhuygen2l@flickr.com,Male,23.116.211.183,25208 Mccormick Avenue,Boise,Idaho,83727
151-39-5045,95,Justus,Phant,jphant2m@icio.us,Male,71.214.38.125,73 American Ash Avenue,Naperville,Illinois,60567
641-69-5427,96,Gerald,Schieferstein,gschieferstein2n@theguardian.com,Male,246.166.146.251,62034 Barnett Alley,Houston,Texas,77050
754-18-3776,97,Tadd,Rizzolo,trizzolo2o@exblog.jp,Male,203.249.99.125,37438 Parkside Place,Minneapolis,Minnesota,55458
259-10-6233,98,Mickie,McBeith,mmcbeith2p@time.com,Male,101.71.88.115,402 Dahle Center,Nashville,Tennessee,37240
891-16-0414,99,Elbertina,Pursey,epursey2q@trellian.com,Female,253.35.114.95,2105 Redwing Pass,Toledo,Ohio,43656
308-21-7373,100,Rip,Humblestone,rhumblestone2r@umn.edu,Male,162.93.243.218,4731 Hudson Trail,Merrifield,Virginia,22119
144-37-0799,101,Darbie,McNae,dmcnae2s@oracle.com,Female,236.131.50.52,28368 Norway Maple Road,Baltimore,Maryland,21211
730-95-1968,102,Delaney,Everill,deverill2t@google.nl,Male,87.117.245.67,75 Merrick Plaza,Sacramento,California,95833
176-46-2338,103,Jermain,Gidney,jgidney2u@blogtalkradio.com,Male,94.104.238.101,96730 Thompson Way,Miami,Florida,33245
113-76-3578,104,Ferd,Jurkiewicz,fjurkiewicz2v@g.co,Male,62.41.79.144,6 Bluestem Crossing,Roanoke,Virginia,24048
159-54-6117,105,Vikky,Deighton,vdeighton2w@bbb.org,Female,198.98.193.133,02287 Oak Pass,Washington,District of Columbia,56944
119-73-0854,106,Dalton,Folliott,dfolliott2x@ovh.net,Male,17.140.111.7,58 North Lane,Baltimore,Maryland,21216
752-25-3909,107,Robinson,Filipponi,rfilipponi2y@bing.com,Male,118.247.94.191,1396 Maple Wood Trail,Jackson,Tennessee,38308
555-09-8991,108,Neville,Pedlingham,npedlingham2z@mashable.com,Male,85.61.245.123,6 Reinke Way,Memphis,Tennessee,38104
646-03-9412,109,Scarface,Nesfield,snesfield30@mashable.com,Male,5.134.106.248,87 Harbort Trail,Des Moines,Iowa,50315
500-28-9209,110,Thibaut,Undrell,tundrell31@amazon.com,Male,179.202.181.233,0141 Monterey Court,Houston,Texas,77271
898-36-8370,111,Odo,Badham,obadham32@mapy.cz,Male,253.216.190.16,75 Alpine Circle,Honolulu,Hawaii,96845
639-96-4298,112,Marne,Kingsworth,mkingsworth33@accuweather.com,Female,211.45.43.249,3922 Blackbird Hill,Anaheim,California,92805
820-55-0601,113,Roddie,Pecey,rpecey34@theguardian.com,Male,209.218.63.97,20446 Summit Alley,Pueblo,Colorado,81005
266-07-8228,114,Prentiss,McPhilip,pmcphilip35@economist.com,Male,202.35.92.40,040 South Drive,Portland,Maine,4109
334-06-6744,115,Levi,Imlaw,limlaw36@weibo.com,Male,67.79.212.151,573 Darwin Pass,Pittsburgh,Pennsylvania,15205
609-87-5332,116,Bert,Pilipets,bpilipets37@ed.gov,Male,66.255.86.106,12 Main Alley,El Paso,Texas,88514
872-67-3193,117,Kleon,Trench,ktrench38@yahoo.com,Male,235.53.129.172,911 Boyd Road,Madison,Wisconsin,53716
400-56-4968,118,Jareb,Sellens,jsellens39@ox.ac.uk,Male,226.114.109.89,94 Sutherland Avenue,Sunnyvale,California,94089
104-15-4185,119,Iorgo,McKue,imckue3a@ucsd.edu,Male,107.185.205.214,746 Cordelia Court,Pinellas Park,Florida,34665
834-38-4028,120,Randall,Alishoner,ralishoner3b@pen.io,Male,49.189.169.180,76368 Roth Drive,New York City,New York,10004
288-29-7317,121,Celinda,Brooks,cbrooks3c@nhs.uk,Female,110.237.203.240,6 Gina Avenue,Fort Wayne,Indiana,46825
834-50-5991,122,Cass,Tamburo,ctamburo3d@ow.ly,Male,184.88.129.109,054 Toban Pass,Atlanta,Georgia,30392
576-62-8970,123,Julie,Scudders,jscudders3e@forbes.com,Female,190.178.190.130,636 Homewood Trail,New Orleans,Louisiana,70124
732-92-1979,124,Brina,Giacubo,bgiacubo3f@fema.gov,Female,155.70.156.213,50760 Debra Court,Colorado Springs,Colorado,80915
468-94-6089,125,Nikolaus,Nussey,nnussey3g@naver.com,Male,5.17.184.33,31 Hudson Junction,Columbus,Mississippi,39705
797-39-9381,126,Lelah,Woolway,lwoolway3h@gizmodo.com,Female,134.204.166.153,53 Thackeray Circle,San Diego,California,92196
726-34-2068,127,Brianna,Fulun,bfulun3i@uiuc.edu,Female,228.59.91.23,3986 Glendale Center,Rockford,Illinois,61110
543-60-1366,128,Lorena,Margrett,lmargrett3j@bloglovin.com,Female,11.163.154.36,45132 Washington Street,Greensboro,North Carolina,27499
463-30-3726,129,Julita,Yearne,jyearne3k@flickr.com,Female,195.30.179.136,28 Esker Terrace,Bellevue,Washington,98008
757-05-0030,130,Ulrika,McMeanma,umcmeanma3l@edublogs.org,Female,57.85.39.203,89443 Morrow Parkway,Berkeley,California,94712
697-16-9597,131,Malina,Edwardes,medwardes3m@google.ca,Female,228.108.175.190,82 Waxwing Point,Hattiesburg,Mississippi,39404
146-12-5952,132,Hilario,Jayme,hjayme3n@buzzfeed.com,Male,184.160.201.128,53 Little Fleur Court,Kansas City,Missouri,64199
405-59-9155,133,Valentine,Bickley,vbickley3o@biglobe.ne.jp,Male,172.233.88.135,81 Mifflin Circle,Fort Wayne,Indiana,46896
520-23-8699,134,Clare,Goering,cgoering3p@amazon.com,Female,173.32.98.178,4 Comanche Court,San Diego,California,92115
263-71-6998,135,Wittie,Jeanequin,wjeanequin3q@vk.com,Male,233.119.20.210,26996 Spohn Point,Portsmouth,New Hampshire,214
409-35-7025,136,Leonid,Outerbridge,louterbridge3r@un.org,Male,65.104.66.61,78 Boyd Trail,Savannah,Georgia,31410
594-17-7218,137,Lydia,Greeveson,lgreeveson3s@fema.gov,Female,235.188.173.222,41862 Southridge Court,Albany,New York,12210
740-67-7973,138,Cindy,Manzell,cmanzell3t@mail.ru,Female,182.10.164.163,8 Oriole Drive,Migrate,Kentucky,41905
419-20-6792,139,Missie,Batiste,mbatiste3u@unc.edu,Female,35.110.122.151,5 Moland Avenue,Palmdale,California,93591
508-89-1331,140,Field,Hearnes,fhearnes3v@wunderground.com,Male,27.38.67.218,208 Cascade Pass,Charleston,West Virginia,25356
739-88-9988,141,Kynthia,Malpas,kmalpas3w@pen.io,Female,226.11.189.13,138 Loomis Road,San Bernardino,California,92405
732-65-9117,142,Ranique,Schimann,rschimann3x@ucla.edu,Female,209.245.176.105,4 Mendota Point,Washington,District of Columbia,20430
865-19-0704,143,Joanne,Parlor,jparlor3y@networkadvertising.org,Female,124.71.205.233,709 Crownhardt Court,Alexandria,Virginia,22309
822-17-1865,144,Karon,Walsh,kwalsh3z@eepurl.com,Female,82.208.250.222,122 Parkside Point,Las Vegas,Nevada,89135
338-02-6462,145,Buiron,Dewett,bdewett40@samsung.com,Male,220.146.10.78,6 Erie Avenue,Dallas,Texas,75287
195-38-9551,146,Johnna,Le Friec,jlefriec41@china.com.cn,Female,215.14.25.149,6203 Jana Way,Colorado Springs,Colorado,80995
271-63-7093,147,Fritz,Scarlin,fscarlin42@disqus.com,Male,111.33.209.227,7 Longview Way,Amarillo,Texas,79159
533-04-1956,148,Halley,Bott,hbott43@hibu.com,Female,20.217.105.39,66 Eagle Crest Crossing,Salinas,California,93907
363-59-5846,149,Domenico,Warsap,dwarsap44@harvard.edu,Male,156.134.18.39,63 Bay Lane,Carol Stream,Illinois,60351
222-86-0680,150,Roanne,Madge,rmadge45@washington.edu,Female,79.196.221.224,51 Pine View Drive,Baton Rouge,Louisiana,70820
626-01-1679,151,Jean,Weatherdon,jweatherdon46@zimbio.com,Male,184.149.39.5,69 Forest Run Crossing,Kansas City,Missouri,64149
118-60-9743,152,Win,Hyne,whyne47@house.gov,Male,149.78.183.42,985 Jenna Court,Madison,Wisconsin,53726
570-82-3148,153,Jorey,Kix,jkix48@chronoengine.com,Female,99.160.162.106,9770 Boyd Street,Miami,Florida,33158
491-59-7231,154,Celine,McIlheran,cmcilheran49@hhs.gov,Female,65.199.115.139,40426 Holy Cross Lane,Charlotte,North Carolina,28263
831-97-6318,155,Dara,Camidge,dcamidge4a@unc.edu,Female,206.40.112.42,837 Fairview Pass,Newport News,Virginia,23605
809-49-3035,156,Laurel,Lochead,llochead4b@comsenz.com,Female,36.6.219.101,83925 Twin Pines Hill,High Point,North Carolina,27264
195-55-6967,157,Nettle,Fairleigh,nfairleigh4c@qq.com,Female,67.31.33.44,6083 Lunder Center,Baton Rouge,Louisiana,70894
831-02-2526,158,Anni,McIvor,amcivor4d@reddit.com,Female,200.90.115.219,05270 Roth Park,Des Moines,Iowa,50320
407-34-3239,159,Fanchon,Sloley,fsloley4e@php.net,Female,202.223.123.112,8 Pond Hill,Pensacola,Florida,32575
890-20-1319,160,Jeramey,Chapling,jchapling4f@psu.edu,Male,62.222.116.2,40 Oak Valley Trail,Bryan,Texas,77806
893-77-2777,161,Rupert,Anyene,ranyene4g@google.fr,Male,103.222.96.174,08 Cambridge Junction,Fresno,California,93721
603-88-9145,162,Sarge,Shewen,sshewen4h@netscape.com,Male,137.114.231.118,22172 Holmberg Plaza,Virginia Beach,Virginia,23454
625-52-3902,163,Gaby,Rennels,grennels4i@google.nl,Male,47.30.116.136,9555 Iowa Pass,Anaheim,California,92805
821-81-2601,164,Gui,Mauditt,gmauditt4j@51.la,Female,13.166.153.4,504 Lakeland Pass,San Francisco,California,94164
637-06-6451,165,Jill,Tohill,jtohill4k@multiply.com,Female,186.205.121.54,75 Barby Crossing,Spokane,Washington,99260
779-42-2822,166,Abbi,Dono,adono4l@weebly.com,Female,161.105.208.206,5741 Green Place,Atlanta,Georgia,30375
737-01-8741,167,Camilla,Dalinder,cdalinder4m@google.com.br,Female,84.156.64.67,967 Sutherland Court,Los Angeles,California,90101
123-38-1574,168,Ewell,Snar,esnar4n@gizmodo.com,Male,196.229.153.34,54240 Pepper Wood Pass,Washington,District of Columbia,20456
314-94-3981,169,Bronnie,Dearness,bdearness4o@unc.edu,Male,152.113.239.6,6171 Hanover Parkway,San Jose,California,95155
386-01-3014,170,Baxie,Penvarden,bpenvarden4p@ted.com,Male,226.23.188.206,85535 Eagle Crest Lane,Santa Clara,California,95054
340-36-7408,171,Devlen,Patterson,dpatterson4q@home.pl,Male,20.56.78.55,1060 Warner Court,New York City,New York,10270
730-32-8970,172,Mill,Pegram,mpegram4r@liveinternet.ru,Male,159.189.102.78,13417 Center Center,Glendale,Arizona,85311
426-97-0535,173,Kittie,Ellgood,kellgood4s@noaa.gov,Female,108.216.167.100,87566 John Wall Center,Santa Barbara,California,93111
711-99-7872,174,Harlene,Thackwray,hthackwray4t@vinaora.com,Female,44.249.30.191,47439 Carey Avenue,Chicago,Illinois,60674
212-56-2885,175,Florella,Lorand,florand4u@imdb.com,Female,158.116.150.159,7361 Mosinee Terrace,Prescott,Arizona,86305
289-22-1810,176,Godfry,Silvers,gsilvers4v@linkedin.com,Male,53.21.220.61,8648 Forster Circle,Portland,Oregon,97296
729-98-0541,177,Gabriel,Mateu,gmateu4w@biblegateway.com,Female,106.146.81.64,26 8th Junction,Saint Cloud,Minnesota,56398
848-47-8706,178,Coleen,Bocock,cbocock4x@friendfeed.com,Female,102.194.122.133,38567 Grayhawk Court,Akron,Ohio,44310
727-62-4219,179,Cleopatra,Fredson,cfredson4y@yale.edu,Female,134.109.170.233,739 Northview Terrace,Roanoke,Virginia,24024
242-23-8322,180,Nadean,Mettricke,nmettricke4z@instagram.com,Female,203.186.83.18,8769 Crowley Road,San Diego,California,92160
222-42-2498,181,Gib,Boxhill,gboxhill50@archive.org,Male,235.195.82.74,26 Buell Circle,San Francisco,California,94142
887-76-6715,182,Rita,Doggerell,rdoggerell51@com.com,Female,7.94.104.92,69 Nevada Park,Richmond,Virginia,23242
547-47-4963,183,Latia,Stollwerck,lstollwerck52@loc.gov,Female,221.227.181.144,3818 Park Meadow Place,Amarillo,Texas,79171
721-86-4500,184,Gilberta,Twinborough,gtwinborough53@is.gd,Female,143.88.34.156,018 Banding Pass,Wilkes Barre,Pennsylvania,18706
769-57-5839,185,Courtnay,Imore,cimore54@nhs.uk,Male,21.168.76.32,9 1st Hill,Houston,Texas,77276
524-39-3883,186,Berthe,McSporrin,bmcsporrin55@nhs.uk,Female,233.76.161.34,4954 Lawn Plaza,Arlington,Virginia,22205
371-04-3292,187,Lelia,Antoshin,lantoshin56@oaic.gov.au,Female,251.87.201.60,6950 Waxwing Lane,Saint Louis,Missouri,63110
544-08-8046,188,Jeff,Pendre,jpendre57@un.org,Male,182.56.110.102,9640 Portage Street,Oakland,California,94660
413-99-5134,189,Say,Kryska,skryska58@auda.org.au,Male,56.129.173.125,601 Killdeer Hill,Mc Keesport,Pennsylvania,15134
649-55-6145,190,Mac,Duetschens,mduetschens59@lulu.com,Male,30.37.218.242,6 Roth Street,Irvine,California,92717
324-22-5214,191,Gaby,Poundesford,gpoundesford5a@qq.com,Male,150.80.160.38,156 Montana Plaza,Seattle,Washington,98121
869-44-4944,192,Cris,Rickword,crickword5b@imgur.com,Female,217.105.115.65,517 Pawling Circle,Monticello,Minnesota,55565
351-02-5088,193,Hatty,Geyton,hgeyton5c@studiopress.com,Female,161.223.178.168,003 Crownhardt Junction,Lubbock,Texas,79452
885-57-3692,194,Ailbert,Ilsley,ailsley5d@parallels.com,Male,227.169.98.148,917 Emmet Park,Boston,Massachusetts,2124
727-54-8787,195,Fenelia,Lamperti,flamperti5e@bravesites.com,Female,157.236.253.122,38088 Jackson Place,Houston,Texas,77234
208-21-2514,196,Even,Stuckes,estuckes5f@microsoft.com,Male,69.26.57.61,58 Algoma Park,Erie,Pennsylvania,16522
172-11-5241,197,Archambault,Chewter,achewter5g@wired.com,Male,2.93.10.207,6 Oriole Center,Brooklyn,New York,11210
761-83-6788,198,Ethan,Hallowes,ehallowes5h@techcrunch.com,Male,139.94.159.85,487 Forster Drive,Albuquerque,New Mexico,87195
449-25-9244,199,Ripley,Macellar,rmacellar5i@wp.com,Male,3.184.218.194,4 Pawling Place,New York City,New York,10090
612-04-1083,200,Karen,Enston,kenston5j@wikimedia.org,Female,100.81.9.105,688 Burrows Place,Carlsbad,California,92013
497-97-9209,201,Quinta,Hendron,qhendron5k@ed.gov,Female,56.152.142.143,350 Hayes Terrace,Canton,Ohio,44710
707-90-8676,202,Reynold,Eales,reales5l@behance.net,Male,49.192.106.17,3 Vermont Circle,Bakersfield,California,93399
554-12-6910,203,Allie,Sollner,asollner5m@cmu.edu,Female,107.81.23.123,1214 Spenser Street,Chicago,Illinois,60624
765-70-4890,204,Ike,Sivyour,isivyour5n@merriam-webster.com,Male,109.231.197.167,017 Northland Terrace,Dallas,Texas,75277
589-72-3853,205,Buiron,Whistlecraft,bwhistlecraft5o@opera.com,Male,25.204.99.99,80459 Gerald Pass,Richmond,Virginia,23208
450-92-5215,206,Keriann,ducarme,kducarme5p@amazon.com,Female,123.44.90.159,0 Butterfield Place,New York City,New York,10009
269-57-8970,207,Mackenzie,Fanstone,mfanstone5q@ameblo.jp,Male,204.33.27.137,325 Gerald Drive,Van Nuys,California,91499
129-39-5826,208,Truman,Gervaise,tgervaise5r@imageshack.us,Male,64.190.106.5,67586 Truax Hill,Louisville,Kentucky,40210
794-37-2984,209,Jocko,Heersema,jheersema5s@bravesites.com,Male,169.105.71.107,203 Sullivan Park,Charlotte,North Carolina,28284
664-71-7519,210,Perla,Emberton,pemberton5t@stanford.edu,Female,146.56.46.100,60 Sycamore Point,Springfield,Illinois,62756
559-19-0078,211,Marion,Gheraldi,mgheraldi5u@vinaora.com,Male,217.79.139.197,4227 Charing Cross Way,Anaheim,California,92805
162-54-0476,212,Egon,Ringe,eringe5v@scribd.com,Male,178.136.12.246,8 Glendale Way,Washington,District of Columbia,20557
113-59-8819,213,Fred,Concannon,fconcannon5w@msn.com,Male,121.28.13.155,95254 Welch Trail,Albany,New York,12232
639-63-6927,214,Beniamino,Sturt,bsturt5x@angelfire.com,Male,127.65.108.221,31 American Ash Pass,Tulsa,Oklahoma,74141
829-89-8586,215,Marc,Heddon,mheddon5y@geocities.jp,Male,104.198.116.37,33991 Manley Place,Jackson,Mississippi,39216
279-04-0125,216,Farrah,Gunnell,fgunnell5z@wiley.com,Female,222.143.45.217,3246 Nobel Plaza,Houston,Texas,77299
546-59-0452,217,Cecelia,Kenningham,ckenningham60@lulu.com,Female,16.144.85.110,94696 Roth Street,Anderson,Indiana,46015
740-74-0305,218,Lisette,Escott,lescott61@angelfire.com,Female,224.235.200.239,88 Scoville Parkway,Anaheim,California,92812
579-95-5811,219,Lukas,Bernardy,lbernardy62@yahoo.com,Male,150.115.202.212,34884 Del Sol Drive,Saint Louis,Missouri,63180
430-73-5330,220,Gaile,Vondrak,gvondrak63@canalblog.com,Male,98.247.93.38,501 American Avenue,Norwalk,Connecticut,6859
489-09-8974,221,Janis,Mikalski,jmikalski64@columbia.edu,Female,134.26.32.28,96 Paget Plaza,Hartford,Connecticut,6145
191-43-4159,222,Felecia,Corbitt,fcorbitt65@arstechnica.com,Female,142.31.220.196,6342 Bartillon Junction,Mobile,Alabama,36641
517-98-2775,223,Michale,Swyer-Sexey,mswyersexey66@nhs.uk,Male,43.145.214.224,8 Browning Place,Colorado Springs,Colorado,80920
882-17-2910,224,Jack,Tubbs,jtubbs67@moonfruit.com,Male,204.253.134.156,53308 Carey Terrace,Pompano Beach,Florida,33075
385-15-4046,225,Ephraim,Nolli,enolli68@networksolutions.com,Male,255.65.165.122,2789 Elgar Hill,Denver,Colorado,80262
860-06-6330,226,Fan,Farthing,ffarthing69@foxnews.com,Female,108.52.205.222,4917 Pennsylvania Alley,Greensboro,North Carolina,27404
202-94-1970,227,Putnem,Wallsam,pwallsam6a@oaic.gov.au,Male,125.211.164.19,721 Vidon Street,Redwood City,California,94064
667-68-8469,228,Rem,Rampley,rrampley6b@miibeian.gov.cn,Male,180.118.20.87,33 Fulton Road,Alexandria,Virginia,22333
860-59-0974,229,Cinda,Sheeres,csheeres6c@chron.com,Female,12.84.60.9,8980 Ridge Oak Center,Boise,Idaho,83716
853-48-2819,230,Aretha,Shaplin,ashaplin6d@blogs.com,Female,186.214.199.46,6061 Fair Oaks Plaza,Oakland,California,94627
197-03-7861,231,Marilee,Gallon,mgallon6e@phoca.cz,Female,15.41.216.158,0 Alpine Road,Saint Louis,Missouri,63167
522-21-8285,232,Alejandrina,Zmitrovich,azmitrovich6f@illinois.edu,Female,191.69.82.208,23 Mayer Way,Flushing,New York,11388
412-75-7882,233,Liane,Tibald,ltibald6g@free.fr,Female,20.103.150.39,478 Victoria Hill,Scottsdale,Arizona,85255
661-82-3754,234,Danette,Elner,delner6h@freewebs.com,Female,143.249.109.36,9059 Menomonie Road,Santa Barbara,California,93150
718-78-7327,235,Selle,MacAlester,smacalester6i@gnu.org,Female,56.150.74.179,97 Grover Hill,Gilbert,Arizona,85297
245-69-7662,236,Addy,Robbel,arobbel6j@squarespace.com,Male,185.9.22.45,5508 Corscot Circle,Evansville,Indiana,47725
812-24-8579,237,Ferrell,Padilla,fpadilla6k@angelfire.com,Male,190.96.18.190,358 Annamark Court,Pasadena,California,91125
220-83-1803,238,Harcourt,Roma,hroma6l@discovery.com,Male,128.31.250.61,0423 6th Road,San Antonio,Texas,78260
313-89-3285,239,Tyrone,Rawling,trawling6m@phoca.cz,Male,144.184.174.227,082 Havey Pass,Washington,District of Columbia,20310
563-21-9250,240,Llewellyn,Challis,lchallis6n@ask.com,Male,189.105.116.44,35 Lakewood Gardens Lane,New York City,New York,10292
168-61-0029,241,Veronique,Shires,vshires6o@amazonaws.com,Female,155.92.170.165,788 Washington Terrace,Mobile,Alabama,36622
774-43-4214,242,Antin,Chesterfield,achesterfield6p@bloomberg.com,Male,246.110.243.9,92 Claremont Way,Scottsdale,Arizona,85271
642-68-0487,243,Carver,Chimenti,cchimenti6q@reuters.com,Male,101.194.196.56,55 Hoard Plaza,Charlotte,North Carolina,28230
785-18-9420,244,Corina,Furmedge,cfurmedge6r@bloglines.com,Female,107.195.150.157,01 Magdeline Pass,Duluth,Minnesota,55805
292-45-3539,245,Jamey,Byron,jbyron6s@fema.gov,Male,78.42.65.73,279 Dorton Terrace,Springfield,Illinois,62764
575-73-6654,246,Wallace,Hansel,whansel6t@statcounter.com,Male,255.250.62.76,96 Scoville Point,Dallas,Texas,75265
707-58-2567,247,Stacee,Geeson,sgeeson6u@google.co.uk,Male,79.252.196.77,86270 Brentwood Road,Kansas City,Missouri,64142
801-04-8484,248,Ileane,Bradane,ibradane6v@i2i.jp,Female,180.5.99.78,17558 Kipling Road,Houston,Texas,77250
308-94-2821,249,Corie,Antram,cantram6w@nature.com,Female,134.60.55.233,05917 Algoma Street,San Jose,California,95173
702-59-5719,250,Katti,Leitch,kleitch6x@technorati.com,Female,225.55.156.79,14 Loomis Place,Beaufort,South Carolina,29905
129-10-1508,251,Lainey,Rustedge,lrustedge6y@list-manage.com,Female,38.212.128.243,36 Colorado Circle,Chandler,Arizona,85246
177-86-9137,252,Fredrick,Dreinan,fdreinan6z@theguardian.com,Male,57.106.235.11,81 Eastwood Lane,Escondido,California,92030
792-45-0649,253,Garreth,Pelling,gpelling70@hostgator.com,Male,18.42.60.181,66 Quincy Junction,Scottsdale,Arizona,85255
146-82-8710,254,Tam,Arkell,tarkell71@linkedin.com,Male,85.253.63.181,3456 Londonderry Court,Wilmington,Delaware,19805
682-95-9164,255,Hedy,Fargher,hfargher72@theglobeandmail.com,Female,159.226.132.183,35365 Lawn Terrace,Alexandria,Louisiana,71307
605-63-2229,256,Melosa,Hartgill,mhartgill73@w3.org,Female,146.253.15.169,92105 La Follette Center,Tampa,Florida,33673
878-52-6439,257,Lisabeth,Greenrde,lgreenrde74@bloglovin.com,Female,160.60.81.9,82 Toban Alley,Washington,District of Columbia,20575
889-83-1998,258,Ferdy,Jewks,fjewks75@behance.net,Male,114.198.36.129,4595 Fieldstone Terrace,Young America,Minnesota,55557
779-03-5357,259,Justus,Shoebridge,jshoebridge76@blogtalkradio.com,Male,76.184.92.136,47 Fordem Park,Apache Junction,Arizona,85219
200-32-5440,260,Genovera,Kyllford,gkyllford77@dropbox.com,Female,51.107.185.109,57228 Garrison Plaza,Boynton Beach,Florida,33436
768-34-5539,261,Ola,Trethowan,otrethowan78@bravesites.com,Female,100.176.4.137,95335 Thackeray Park,Modesto,California,95397
813-72-4572,262,Carce,Petrov,cpetrov79@alexa.com,Male,107.43.174.55,5196 Huxley Lane,Richmond,Virginia,23277
850-67-1550,263,Evey,Duguid,eduguid7a@ihg.com,Female,26.44.137.84,7052 1st Hill,Beaumont,Texas,77705
399-83-6830,264,Sanford,Rigney,srigney7b@adobe.com,Male,71.1.122.217,21 Melrose Hill,Grand Rapids,Michigan,49510
424-69-8594,265,Madelle,Kellogg,mkellogg7c@slashdot.org,Female,98.56.228.200,1848 Hermina Point,San Antonio,Texas,78240
679-94-2078,266,Linda,Tattoo,ltattoo7d@soundcloud.com,Female,139.63.122.185,62 Anderson Parkway,Oceanside,California,92056
458-15-9189,267,Jewel,Treadway,jtreadway7e@tinypic.com,Female,127.190.70.208,87 Summit Trail,Winston Salem,North Carolina,27110
641-35-1711,268,Lily,Shaughnessy,lshaughnessy7f@scribd.com,Female,10.226.186.4,6144 Dwight Avenue,Los Angeles,California,90010
161-80-1262,269,Homer,Cleare,hcleare7g@sciencedaily.com,Male,95.41.203.191,6466 Corscot Point,Myrtle Beach,South Carolina,29579
533-80-9470,270,Stephen,Simony,ssimony7h@walmart.com,Male,190.225.55.206,365 Fieldstone Park,Tacoma,Washington,98481
311-83-0491,271,Meyer,Feaks,mfeaks7i@baidu.com,Male,207.22.14.2,6167 Shopko Drive,El Paso,Texas,79999
552-11-5386,272,Car,Fabri,cfabri7j@princeton.edu,Male,147.137.9.235,109 Cody Court,Portland,Oregon,97296
638-83-7813,273,Nikos,Kellard,nkellard7k@diigo.com,Male,210.37.1.178,8294 New Castle Avenue,Roanoke,Virginia,24029
744-58-7734,274,Gregor,Schumacher,gschumacher7l@mediafire.com,Male,207.196.18.229,8 Dwight Trail,Great Neck,New York,11024
282-18-2524,275,Tanner,Acres,tacres7m@over-blog.com,Male,203.77.142.119,13202 Gale Plaza,Terre Haute,Indiana,47805
233-08-3113,276,Elsey,Cullagh,ecullagh7n@drupal.org,Female,175.207.105.178,33362 Anthes Lane,Tacoma,Washington,98411
461-71-3161,277,Rossy,Markwick,rmarkwick7o@comcast.net,Male,217.115.159.105,02576 Macpherson Junction,Englewood,Colorado,80150
186-59-6897,278,Callida,Heatly,cheatly7p@bbc.co.uk,Female,249.6.244.72,66 Chive Parkway,Midland,Texas,79710
315-06-0631,279,Culver,Joint,cjoint7q@multiply.com,Male,116.15.113.133,06 Roxbury Plaza,Richmond,Virginia,23272
194-64-1598,280,Aryn,Eton,aeton7r@harvard.edu,Female,123.62.63.98,3 Crescent Oaks Drive,Roanoke,Virginia,24048
578-55-5802,281,Dalton,Kenworthy,dkenworthy7s@domainmarket.com,Male,246.48.253.134,7 Swallow Road,Orlando,Florida,32825
660-28-5196,282,Crysta,Stolberg,cstolberg7t@huffingtonpost.com,Female,227.243.243.55,50062 Roth Park,Saint Petersburg,Florida,33715
211-01-9311,283,Lewie,Tomasini,ltomasini7u@ask.com,Male,36.157.162.205,967 Twin Pines Court,Springfield,Illinois,62794
452-23-9928,284,Dell,Timbs,dtimbs7v@theguardian.com,Male,189.242.10.210,49 Hovde Road,Denver,Colorado,80241
262-94-6984,285,Dalli,Wafer,dwafer7w@posterous.com,Male,126.221.174.229,1 Luster Terrace,Buffalo,New York,14263
505-21-4878,286,Mersey,Plaxton,mplaxton7x@mac.com,Female,11.36.1.193,84 Arkansas Parkway,Biloxi,Mississippi,39534
892-84-1655,287,Aridatha,Rough,arough7y@virginia.edu,Female,240.177.170.134,2 Colorado Avenue,Montgomery,Alabama,36119
710-59-2719,288,Karalee,Jobbins,kjobbins7z@tripod.com,Female,55.168.76.36,31125 Gina Pass,El Paso,Texas,79989
160-13-9118,289,Michell,MacCartan,mmaccartan80@cnbc.com,Female,207.193.98.245,6295 Sundown Circle,San Francisco,California,94105
465-67-9655,290,Dalt,Abdon,dabdon81@sitemeter.com,Male,85.30.146.140,6 Declaration Lane,Cleveland,Ohio,44125
436-53-4691,291,Davis,Kibbey,dkibbey82@loc.gov,Male,96.92.111.34,72188 Washington Avenue,Portsmouth,Virginia,23705
580-89-1382,292,Neddie,Kenner,nkenner83@huffingtonpost.com,Male,194.197.147.235,2954 Loomis Circle,Sioux Falls,South Dakota,57110
493-89-2759,293,Cassie,Aglione,caglione84@wufoo.com,Female,205.203.177.204,8365 Debs Crossing,Montgomery,Alabama,36119
474-85-4140,294,Kinnie,Allibon,kallibon85@columbia.edu,Male,211.32.135.208,59 Kim Circle,London,Kentucky,40745
156-24-8558,295,Vassily,Ravilious,vravilious86@wikispaces.com,Male,134.119.104.142,2709 Eagan Trail,Peoria,Illinois,61635
282-79-7768,296,Daphene,Nutkin,dnutkin87@abc.net.au,Female,135.215.196.190,34 Continental Drive,Washington,District of Columbia,20436
377-94-2413,297,Letta,Renne,lrenne88@yahoo.com,Female,4.64.46.120,57 Northview Hill,Stockton,California,95219
819-50-1400,298,Linda,Pentony,lpentony89@umich.edu,Female,210.247.190.1,1 Clove Road,Cleveland,Ohio,44191
490-05-2588,299,Pier,Gingell,pgingell8a@aol.com,Female,198.17.230.152,01127 Paget Street,Charlotte,North Carolina,28289
835-48-3553,300,Dorian,O' Timony,dotimony8b@sina.com.cn,Male,39.234.162.193,49 Holmberg Center,Saint Joseph,Missouri,64504
394-01-1256,301,Napoleon,Rush,nrush8c@bigcartel.com,Male,244.85.113.206,54987 Delladonna Center,Los Angeles,California,90071
169-69-1426,302,Kirbie,Cromie,kcromie8d@cbsnews.com,Female,110.85.51.12,061 Porter Pass,Santa Monica,California,90405
517-15-6645,303,Averill,Timpany,atimpany8e@google.nl,Male,245.192.233.248,3 Longview Street,Chula Vista,California,91913
802-09-7964,304,Hayes,Featherstonehaugh,hfeatherstonehaugh8f@redcross.org,Male,11.109.55.185,8896 Sheridan Lane,Newark,New Jersey,7195
819-76-2786,305,Maryann,Rosenfelt,mrosenfelt8g@illinois.edu,Female,248.231.5.63,419 Banding Road,Atlanta,Georgia,31106
780-67-2525,306,Merlina,Paff,mpaff8h@archive.org,Female,93.150.100.244,1934 Dryden Way,Memphis,Tennessee,38143
418-12-5369,307,Valentin,Pidon,vpidon8i@ucoz.ru,Male,95.200.6.172,8 Loeprich Court,Corona,California,92878
349-96-1421,308,Gayel,Koomar,gkoomar8j@acquirethisname.com,Female,157.69.224.102,643 Sutteridge Place,Birmingham,Alabama,35254
509-39-7759,309,Kerby,Fausset,kfausset8k@geocities.com,Male,100.22.97.232,135 5th Crossing,Phoenix,Arizona,85045
431-93-2684,310,Dulcea,Crichley,dcrichley8l@infoseek.co.jp,Female,84.180.171.32,9783 Lillian Drive,Jacksonville,Florida,32255
724-95-0773,311,Verine,Lilloe,vlilloe8m@clickbank.net,Female,38.92.206.41,223 Loeprich Point,Baltimore,Maryland,21203
848-05-2227,312,Iggie,Cruddas,icruddas8n@uol.com.br,Male,164.148.174.148,49813 Farwell Parkway,Inglewood,California,90398
679-77-2677,313,Gustave,Placido,gplacido8o@furl.net,Male,182.237.2.71,55271 Pierstorff Drive,Cincinnati,Ohio,45233
202-30-5361,314,Lemmie,Huckfield,lhuckfield8p@woothemes.com,Male,226.172.63.102,91 Waxwing Parkway,Danbury,Connecticut,6816
538-96-1254,315,Didi,Earsman,dearsman8q@webmd.com,Female,221.192.14.140,144 Randy Road,Detroit,Michigan,48211
344-27-3281,316,Godwin,Davidsen,gdavidsen8r@foxnews.com,Male,141.175.91.114,8 Monterey Trail,Carol Stream,Illinois,60158
871-26-5212,317,Teddie,Bowdrey,tbowdrey8s@geocities.jp,Male,202.210.178.59,017 Ryan Street,Dallas,Texas,75310
358-82-2405,318,Clark,Saffen,csaffen8t@bizjournals.com,Male,66.158.178.110,7 Messerschmidt Way,Naples,Florida,33963
272-19-4159,319,Rurik,Knobell,rknobell8u@hubpages.com,Male,204.108.64.37,281 Gerald Way,Minneapolis,Minnesota,55446
567-50-5310,320,Diego,Lorand,dlorand8v@accuweather.com,Male,48.166.240.56,7238 Kedzie Place,Cincinnati,Ohio,45223
879-85-7717,321,Hewett,Flucker,hflucker8w@icq.com,Male,254.155.184.181,36 Atwood Plaza,Palmdale,California,93591
583-67-9972,322,Shurwood,Desquesnes,sdesquesnes8x@gnu.org,Male,173.228.237.189,39714 Coleman Plaza,Portland,Oregon,97201
713-24-6070,323,Anthony,Antoniazzi,aantoniazzi8y@simplemachines.org,Male,1.183.43.66,7169 Tennyson Pass,Cincinnati,Ohio,45218
604-87-4586,324,Merla,Daubeny,mdaubeny8z@homestead.com,Female,78.58.61.52,1012 Forster Pass,Atlanta,Georgia,30336
500-29-7106,325,Obed,Branson,obranson90@technorati.com,Male,78.190.184.112,0889 Sutherland Junction,Minneapolis,Minnesota,55407
758-78-5122,326,Broderick,Mitcham,bmitcham91@cornell.edu,Male,185.142.68.164,2156 Lillian Terrace,Tulsa,Oklahoma,74108
405-22-6907,327,Paulita,Messom,pmessom92@google.fr,Female,236.246.243.129,2637 Mifflin Place,Fort Lauderdale,Florida,33345
539-11-5451,328,Jocelyn,Rignold,jrignold93@state.tx.us,Female,50.103.168.154,6643 Hollow Ridge Park,Birmingham,Alabama,35285
329-63-2286,329,Luelle,Beveredge,lbeveredge94@oakley.com,Female,220.191.80.247,14720 Bay Point,Grand Rapids,Michigan,49518
716-32-0175,330,Philippe,Skaif,pskaif95@flickr.com,Female,45.162.225.143,44148 Spohn Terrace,Athens,Georgia,30610
114-82-7891,331,Gabby,Massimi,gmassimi96@mit.edu,Male,4.255.128.112,6 Graceland Street,Shreveport,Louisiana,71166
348-81-4195,332,Cortney,de Verson,cdeverson97@admin.ch,Female,26.216.68.16,3229 Glacier Hill Plaza,Riverside,California,92519
609-24-9696,333,Flossy,Endrizzi,fendrizzi98@hatena.ne.jp,Female,88.255.13.151,5756 Farwell Drive,Fort Myers,Florida,33994
726-16-0740,334,Glenna,Townby,gtownby99@discuz.net,Female,36.25.227.122,06 Northfield Park,Chicago,Illinois,60641
800-74-5092,335,Gordy,Bett,gbett9a@amazon.de,Male,84.47.20.170,1 Evergreen Court,San Jose,California,95150
870-04-2296,336,Pate,Beedom,pbeedom9b@google.fr,Male,103.182.166.84,41231 Nelson Park,Honolulu,Hawaii,96810
674-30-4022,337,King,Kelledy,kkelledy9c@smh.com.au,Male,81.255.168.99,077 Lukken Way,Greensboro,North Carolina,27425
436-91-7340,338,Rae,Santry,rsantry9d@disqus.com,Female,173.64.191.92,5 Anniversary Way,Paterson,New Jersey,7505
669-75-8410,339,Antone,Gres,agres9e@youku.com,Male,28.11.107.33,4 Kropf Plaza,Burbank,California,91520
454-51-1414,340,Bax,Alejandri,balejandri9f@amazon.co.jp,Male,99.8.208.104,247 Kings Plaza,Norwalk,Connecticut,6859
537-49-2298,341,Purcell,Greatex,pgreatex9g@vistaprint.com,Male,76.202.151.248,1711 Drewry Lane,Manchester,New Hampshire,3105
157-64-1274,342,Ethelda,Imloch,eimloch9h@prlog.org,Female,102.2.176.174,2 Maryland Hill,Sioux Falls,South Dakota,57198
882-77-7647,343,Tedie,Mathevon,tmathevon9i@webmd.com,Male,154.193.186.218,9730 Spenser Hill,Jamaica,New York,11480
302-54-7244,344,Luis,Moakler,lmoakler9j@newyorker.com,Male,128.224.29.201,50 Anniversary Lane,Hampton,Virginia,23668
553-46-2043,345,Leontine,Molden,lmolden9k@apache.org,Female,41.157.86.143,37171 Wayridge Circle,Bronx,New York,10469
322-86-7854,346,Hamish,Pargetter,hpargetter9l@dailymotion.com,Male,55.203.45.12,10546 Holmberg Plaza,Oklahoma City,Oklahoma,73124
551-59-0827,347,Nancie,Joberne,njoberne9m@mozilla.org,Female,126.124.33.169,22342 Cordelia Crossing,Philadelphia,Pennsylvania,19115
430-04-0123,348,Jelene,Molfino,jmolfino9n@paypal.com,Female,50.191.120.240,78604 Vidon Park,Shawnee Mission,Kansas,66225
857-82-0139,349,Germana,Duguid,gduguid9o@mediafire.com,Female,173.81.240.30,1588 Garrison Junction,Houston,Texas,77201
206-14-7513,350,Averil,Palister,apalister9p@free.fr,Male,178.41.158.94,94854 Esker Point,Washington,District of Columbia,20046
465-10-5966,351,Dulcinea,Shortcliffe,dshortcliffe9q@lulu.com,Female,43.36.250.180,26 Mcguire Place,Long Beach,California,90831
259-63-9668,352,Franky,Lapthorne,flapthorne9r@springer.com,Female,167.64.211.227,8660 Portage Junction,Flint,Michigan,48550
251-11-1920,353,Orland,Farryann,ofarryann9s@sohu.com,Male,239.54.116.225,974 Sauthoff Street,Los Angeles,California,90045
290-16-3204,354,Bruce,Bewshea,bbewshea9t@cnn.com,Male,84.62.70.83,30931 Manufacturers Point,Atlanta,Georgia,31106
834-89-6915,355,Holli,Millbank,hmillbank9u@nyu.edu,Female,180.182.176.146,9840 Judy Junction,Chicago,Illinois,60641
337-12-3922,356,Melitta,Fivey,mfivey9v@gmpg.org,Female,13.239.228.220,84 Bobwhite Parkway,Vancouver,Washington,98682
405-89-1877,357,Mozes,Tyson,mtyson9w@dedecms.com,Male,64.244.135.32,00 Redwing Circle,Bethesda,Maryland,20892
525-89-5573,358,Karol,Gleaves,kgleaves9x@patch.com,Female,226.105.248.59,9 Coolidge Park,Olympia,Washington,98506
321-88-1315,359,Silvano,Curd,scurd9y@msn.com,Male,20.205.245.247,9 Luster Trail,San Francisco,California,94159
834-17-9595,360,Edi,Novak,enovak9z@vinaora.com,Female,182.14.172.124,38379 Doe Crossing Circle,Modesto,California,95397
693-08-4148,361,Tabby,Whartonby,twhartonbya0@edublogs.org,Male,169.100.137.85,480 Dahle Park,Miami,Florida,33164
645-93-6464,362,Ozzy,Ivanonko,oivanonkoa1@go.com,Male,184.48.208.95,7 Ramsey Drive,Wilmington,Delaware,19897
216-93-4654,363,Dewitt,Saltman,dsaltmana2@archive.org,Male,103.91.170.147,2161 Onsgard Pass,Houston,Texas,77020
126-41-9695,364,Felipe,Furness,ffurnessa3@nytimes.com,Male,135.25.148.170,5956 Sachtjen Lane,Memphis,Tennessee,38104
852-46-7542,365,Martina,Eyam,meyama4@fema.gov,Female,148.240.226.112,4893 1st Park,Charlottesville,Virginia,22908
540-95-5529,366,Will,Call,wcalla5@homestead.com,Male,204.205.221.175,587 Miller Road,Lakeland,Florida,33811
835-22-1644,367,Artemas,MacArdle,amacardlea6@reference.com,Male,59.115.131.116,54 Bultman Trail,Minneapolis,Minnesota,55458
808-91-4118,368,Crissy,Kernaghan,ckernaghana7@apple.com,Female,69.151.192.75,360 Clemons Plaza,Scranton,Pennsylvania,18505
849-59-9175,369,Cinderella,Panter,cpantera8@ucsd.edu,Female,103.31.53.8,66 2nd Circle,Jamaica,New York,11480
439-97-4610,370,Mallory,Clamp,mclampa9@cpanel.net,Male,109.184.41.168,57 Bunting Way,Visalia,California,93291
743-29-0610,371,Paulie,Khilkov,pkhilkovaa@prweb.com,Male,16.115.49.161,414 Kennedy Parkway,Fort Lauderdale,Florida,33305
404-58-2660,372,Lauren,Janiszewski,ljaniszewskiab@google.de,Male,116.129.253.109,953 Dovetail Park,Nashville,Tennessee,37245
127-13-4151,373,Alana,Luscott,aluscottac@jugem.jp,Female,65.185.166.169,07065 Bonner Point,Las Vegas,Nevada,89130
511-82-3830,374,Gracia,Labdon,glabdonad@constantcontact.com,Female,72.190.50.83,602 Southridge Alley,Dallas,Texas,75367
705-50-2622,375,Silvano,Hurdwell,shurdwellae@uiuc.edu,Male,208.84.185.180,6 Prairieview Way,Spokane,Washington,99252
104-65-3500,376,Lavena,Kaaskooper,lkaaskooperaf@purevolume.com,Female,145.155.247.166,78490 Farragut Point,San Francisco,California,94164
177-21-4556,377,Helaine,Checcuzzi,hcheccuzziag@nyu.edu,Female,181.251.47.53,82 Dorton Alley,Richmond,Virginia,23225
579-88-6525,378,Gabriell,Zywicki,gzywickiah@ameblo.jp,Female,69.87.29.2,6928 Canary Hill,Dallas,Texas,75379
380-13-2938,379,Windy,Kaemena,wkaemenaai@imageshack.us,Female,172.4.141.51,37445 Comanche Hill,Chicago,Illinois,60669
764-09-3651,380,Petronia,Storton,pstortonaj@ameblo.jp,Female,90.96.144.55,86397 Fuller Terrace,Saint Petersburg,Florida,33731
189-33-5729,381,Tammie,Rouff,trouffak@ifeng.com,Male,188.169.92.255,48263 Oak Valley Junction,San Diego,California,92132
420-20-0319,382,Rees,Crowder,rcrowderal@ameblo.jp,Male,199.99.96.129,82 Clyde Gallagher Circle,Tucson,Arizona,85754
456-27-4157,383,Nonnah,Seywood,nseywoodam@github.com,Female,188.77.25.75,25861 Pine View Place,Washington,District of Columbia,20591
219-39-8356,384,Ronalda,de la Tremoille,rdelatremoillean@mozilla.org,Female,71.219.136.65,7 Ridgeway Drive,Memphis,Tennessee,38136
157-34-9139,385,Raf,Blunsum,rblunsumao@slideshare.net,Female,217.220.207.194,85 Clyde Gallagher Place,Largo,Florida,34643
433-99-8110,386,Salome,Bing,sbingap@admin.ch,Female,48.167.253.47,9654 Havey Street,Lafayette,Louisiana,70593
426-45-4520,387,Jorgan,Buddington,jbuddingtonaq@walmart.com,Male,203.72.206.248,47 Ridgeview Center,White Plains,New York,10633
324-24-4678,388,Wallas,Breacher,wbreacherar@barnesandnoble.com,Male,245.102.22.165,4 Golden Leaf Lane,Dallas,Texas,75397
407-33-8445,389,Kippy,Hugonin,khugoninas@cafepress.com,Male,243.218.141.230,8 Hagan Pass,Rochester,Minnesota,55905
212-42-5745,390,Barthel,Forton,bfortonat@mapy.cz,Male,111.78.178.123,817 Monica Circle,Bakersfield,California,93399
572-58-9147,391,Howie,Ambrogio,hambrogioau@toplist.cz,Male,132.111.51.186,9 Cottonwood Parkway,Springfield,Massachusetts,1105
376-18-3102,392,Fulton,Sparkes,fsparkesav@i2i.jp,Male,103.42.77.1,952 David Road,Corpus Christi,Texas,78475
570-38-4468,393,Sheelah,Phonix,sphonixaw@amazon.co.uk,Female,15.116.89.113,840 Larry Junction,Dallas,Texas,75387
751-99-6314,394,Jonell,Mulmuray,jmulmurayax@theglobeandmail.com,Female,121.181.108.115,12209 Monument Parkway,Nashville,Tennessee,37250
821-03-7443,395,Heddie,Tassel,htasselay@toplist.cz,Female,126.114.219.204,46 Larry Hill,Louisville,Kentucky,40205
839-74-0500,396,Artemis,Verdun,averdunaz@virginia.edu,Male,244.28.90.47,83 New Castle Place,Athens,Georgia,30610
195-71-0469,397,Bibbye,Whenham,bwhenhamb0@wiley.com,Female,33.242.74.16,2116 Pleasure Parkway,Paterson,New Jersey,7544
695-15-7158,398,Ezechiel,Bottom,ebottomb1@usa.gov,Male,119.97.181.159,31 Hoard Point,San Antonio,Texas,78240
379-95-7890,399,Roxana,Boyack,rboyackb2@yale.edu,Female,223.186.31.77,2 Summerview Court,Waco,Texas,76705
639-48-4870,400,Misty,Henderson,mhendersonb3@newyorker.com,Female,137.86.15.169,447 Holy Cross Junction,El Paso,Texas,88574
589-19-3580,401,Oralee,Tregale,otregaleb4@dagondesign.com,Female,151.186.225.225,95 Pawling Street,Milwaukee,Wisconsin,53234
245-09-7262,402,Alair,McKenny,amckennyb5@indiegogo.com,Male,62.227.174.173,4563 Portage Center,Kansas City,Missouri,64142
509-78-6435,403,Gerome,Rosbotham,grosbothamb6@auda.org.au,Male,61.253.158.110,7323 Stoughton Hill,Syracuse,New York,13210
288-09-2313,404,Evangelia,Searston,esearstonb7@google.ru,Female,159.222.45.53,2 Ridge Oak Hill,Albuquerque,New Mexico,87180
704-74-8422,405,Alica,Gilston,agilstonb8@devhub.com,Female,129.39.81.120,51240 Cambridge Avenue,Anchorage,Alaska,99517
403-98-3942,406,Roanna,Bru,rbrub9@amazon.de,Female,126.206.103.24,79 Arrowood Terrace,Oklahoma City,Oklahoma,73197
265-37-0620,407,Morena,Gilsthorpe,mgilsthorpeba@tripod.com,Female,122.193.228.165,76244 Rigney Pass,Rochester,Minnesota,55905
189-17-9410,408,Lucais,Lettice,lletticebb@dion.ne.jp,Male,14.136.39.151,1708 Hoard Hill,Silver Spring,Maryland,20910
831-63-4033,409,Olly,Ferrarone,oferraronebc@uol.com.br,Male,189.171.72.232,3020 Kinsman Alley,Midland,Texas,79710
155-47-1792,410,Caryl,Bottoner,cbottonerbd@discuz.net,Female,48.61.193.99,2 Straubel Park,Spring Hill,Florida,34611
140-44-9508,411,Brittani,Bougen,bbougenbe@gov.uk,Female,97.183.24.105,6381 Badeau Trail,Kansas City,Missouri,64101
573-43-0917,412,Brinna,Tattersill,btattersillbf@illinois.edu,Female,44.130.122.185,422 Jay Pass,Lynn,Massachusetts,1905
231-22-9096,413,Brand,Hartington,bhartingtonbg@reuters.com,Male,190.83.219.85,1190 Hallows Park,Saint Paul,Minnesota,55188
605-71-0263,414,Frederigo,Hutton,fhuttonbh@npr.org,Male,19.205.43.4,1 Corscot Plaza,Chula Vista,California,91913
278-95-7698,415,Ammamaria,Obell,aobellbi@cargocollective.com,Female,5.130.138.248,92 Hayes Trail,Peoria,Illinois,61656
374-65-2723,416,Parker,Turton,pturtonbj@ocn.ne.jp,Male,91.90.169.194,0 Grover Road,Wichita,Kansas,67230
753-93-8235,417,Gordan,Gocher,ggocherbk@redcross.org,Male,63.28.6.160,3 Arrowood Court,Lafayette,Indiana,47905
206-74-4432,418,Franny,Skeldon,fskeldonbl@nyu.edu,Female,21.248.193.239,5373 Evergreen Parkway,Lansing,Michigan,48956
374-38-2342,419,Friederike,Cancellor,fcancellorbm@cloudflare.com,Female,141.163.235.118,011 Ludington Drive,Greenville,South Carolina,29605
321-20-1524,420,Eadmund,Towlson,etowlsonbn@independent.co.uk,Male,164.13.8.24,89 Lien Circle,Cincinnati,Ohio,45213
732-85-1903,421,Gilberto,Davey,gdaveybo@friendfeed.com,Male,73.187.55.220,764 Darwin Circle,Toledo,Ohio,43605
121-87-3290,422,Sharla,Molan,smolanbp@github.com,Female,195.172.214.136,12667 2nd Crossing,Norfolk,Virginia,23509
862-14-5493,423,Nate,Hargraves,nhargravesbq@miitbeian.gov.cn,Male,106.24.155.111,1 Hollow Ridge Place,Humble,Texas,77346
648-92-8123,424,Beret,Burtt,bburttbr@example.com,Female,198.136.95.201,4 Harper Street,Wichita,Kansas,67205
638-33-5521,425,Hillary,Angrock,hangrockbs@techcrunch.com,Male,122.51.91.243,880 Hudson Way,Schenectady,New York,12305
296-14-8653,426,Phebe,Woodhouse,pwoodhousebt@netscape.com,Female,201.71.182.77,49793 Holy Cross Terrace,New Hyde Park,New York,11044
673-50-0367,427,Rudolfo,Lossman,rlossmanbu@indiegogo.com,Male,96.189.239.90,78290 Crest Line Crossing,Bronx,New York,10454
480-69-9083,428,Tara,Dilrew,tdilrewbv@addthis.com,Female,156.136.62.91,9 Ohio Circle,Houston,Texas,77060
415-46-5127,429,Justus,Rosbotham,jrosbothambw@shinystat.com,Male,33.249.144.173,997 Del Mar Circle,Las Vegas,Nevada,89160
800-18-2673,430,Hagen,Ashfull,hashfullbx@patch.com,Male,57.60.178.122,693 Westridge Junction,North Las Vegas,Nevada,89036
507-88-8490,431,Jeno,Arnull,jarnullby@abc.net.au,Male,167.132.186.38,823 Hooker Point,New Orleans,Louisiana,70160
507-40-6341,432,Helga,Filyashin,hfilyashinbz@jiathis.com,Female,108.37.51.122,3816 Kings Terrace,New Orleans,Louisiana,70124
463-39-3514,433,Norby,Caitlin,ncaitlinc0@psu.edu,Male,120.255.42.131,624 Bellgrove Pass,Austin,Texas,78749
687-73-7716,434,Ganny,McColgan,gmccolganc1@patch.com,Male,96.250.191.62,879 Washington Junction,El Paso,Texas,88525
884-19-9106,435,Melesa,Mearns,mmearnsc2@infoseek.co.jp,Female,123.37.197.222,003 Elka Road,Austin,Texas,78778
674-37-5777,436,Clarine,Bonsale,cbonsalec3@illinois.edu,Female,121.227.55.139,4613 Quincy Lane,Biloxi,Mississippi,39534
846-99-5980,437,Sergeant,Ruller,srullerc4@furl.net,Male,186.21.109.78,8 Bartelt Crossing,Boise,Idaho,83705
561-47-1771,438,Robbi,Crepin,rcrepinc5@ca.gov,Female,100.240.106.243,687 Elmside Trail,Denver,Colorado,80291
384-83-3747,439,Kerwin,Sandifer,ksandiferc6@diigo.com,Male,60.250.158.61,90418 Fordem Way,Charlotte,North Carolina,28225
650-10-3913,440,Brit,Strank,bstrankc7@diigo.com,Male,196.189.3.172,3239 Kensington Center,Lawrenceville,Georgia,30245
626-79-6130,441,Alex,Roseaman,aroseamanc8@imageshack.us,Female,195.95.235.5,00 Mandrake Plaza,Corpus Christi,Texas,78415
418-34-9653,442,Otto,MacNeilage,omacneilagec9@ibm.com,Male,6.106.188.240,8095 Northfield Junction,Jackson,Mississippi,39236
780-71-0658,443,Ulberto,Latham,ulathamca@hud.gov,Male,36.153.194.86,262 Chive Alley,Tampa,Florida,33605
171-10-9055,444,Darill,Deyes,ddeyescb@pcworld.com,Male,119.187.70.246,9 American Trail,Brooklyn,New York,11254
578-96-3011,445,Randi,Dod,rdodcc@dot.gov,Male,26.244.133.98,9 Hudson Pass,Tacoma,Washington,98464
173-32-9714,446,Hashim,Shambroke,hshambrokecd@unesco.org,Male,227.246.167.9,56 Lotheville Plaza,Chicago,Illinois,60636
714-13-1891,447,Octavia,Matijasevic,omatijasevicce@ed.gov,Female,13.90.143.237,654 International Lane,Detroit,Michigan,48224
891-13-3165,448,Lambert,Siege,lsiegecf@paypal.com,Male,240.123.108.108,7011 Melby Lane,Edmond,Oklahoma,73034
562-92-4012,449,Wilbert,Gascoine,wgascoinecg@mediafire.com,Male,36.25.4.16,0 Ramsey Avenue,Reading,Pennsylvania,19605
455-35-0869,450,Rozanna,Deegan,rdeeganch@indiatimes.com,Female,250.99.107.198,1863 Derek Place,Birmingham,Alabama,35290
120-32-2724,451,Tandy,Cockling,tcocklingci@va.gov,Female,107.60.87.141,579 Sutteridge Plaza,Sacramento,California,94245
897-77-5327,452,Rodolfo,Pigeon,rpigeoncj@wsj.com,Male,244.95.121.249,93 Merchant Parkway,Oklahoma City,Oklahoma,73124
383-30-0237,453,Brigit,Straker,bstrakerck@github.com,Female,116.86.2.155,03 Ilene Terrace,Philadelphia,Pennsylvania,19104
222-37-0499,454,Jesse,Gilloran,jgillorancl@mail.ru,Male,255.210.93.192,8 Larry Pass,Minneapolis,Minnesota,55417
303-10-3859,455,Wallie,Aindrais,waindraiscm@washingtonpost.com,Male,119.150.156.95,904 Algoma Alley,New York City,New York,10125
157-34-4950,456,Lane,Kettlesing,lkettlesingcn@dot.gov,Male,9.15.194.91,6992 Mendota Crossing,Washington,District of Columbia,20088
179-32-2206,457,Baillie,Leare,bleareco@blogs.com,Male,201.224.61.77,0 Westport Lane,South Bend,Indiana,46614
175-80-0808,458,Dew,Davidou,ddavidoucp@nationalgeographic.com,Male,245.101.50.25,4336 Clyde Gallagher Terrace,Biloxi,Mississippi,39534
304-10-6463,459,Titus,Straniero,tstranierocq@si.edu,Male,141.211.196.199,576 Prairie Rose Crossing,Vero Beach,Florida,32969
480-69-8014,460,Jillene,Bunce,jbuncecr@arstechnica.com,Female,215.202.118.177,1 Havey Pass,Kansas City,Kansas,66160
634-55-6155,461,Gilemette,Baynes,gbaynescs@xinhuanet.com,Female,255.78.155.245,9 Sunnyside Plaza,Baton Rouge,Louisiana,70810
704-97-4068,462,Cloris,Bark,cbarkct@apple.com,Female,30.114.4.127,135 Hayes Drive,Saint Paul,Minnesota,55188
456-72-1944,463,Roderigo,Bridgestock,rbridgestockcu@virginia.edu,Male,84.198.144.184,81 Pearson Circle,Cheyenne,Wyoming,82007
415-85-2402,464,Del,De Bruijn,ddebruijncv@redcross.org,Male,11.4.31.172,7186 Shasta Road,New Orleans,Louisiana,70154
731-87-6307,465,Marget,Hubbucke,mhubbuckecw@ftc.gov,Female,175.42.162.151,8 Pleasure Junction,San Antonio,Texas,78230
429-57-7869,466,Abbie,Milmore,amilmorecx@oaic.gov.au,Male,41.107.203.127,1038 Sheridan Hill,Brooklyn,New York,11231
479-68-2357,467,Frederique,Debell,fdebellcy@tmall.com,Female,186.4.107.10,9944 Northridge Street,San Diego,California,92196
355-77-5037,468,Shawna,Gerauld,sgerauldcz@mashable.com,Female,234.118.181.4,5649 Tennessee Avenue,Washington,District of Columbia,20244
883-36-1676,469,Igor,Dall,idalld0@businesswire.com,Male,184.44.187.108,4427 1st Alley,Daytona Beach,Florida,32123
143-44-2835,470,Kiri,Martinec,kmartinecd1@networksolutions.com,Female,82.218.112.223,75 Badeau Avenue,Fresno,California,93786
432-88-7085,471,Niccolo,Linscott,nlinscottd2@weibo.com,Male,241.95.213.132,257 Stephen Place,Madison,Wisconsin,53726
844-97-7432,472,Marika,Meletti,mmelettid3@dyndns.org,Female,113.54.72.201,27 Amoth Avenue,Stamford,Connecticut,6905
596-61-6680,473,Sib,Klos,sklosd4@mashable.com,Female,138.252.210.83,65879 New Castle Hill,Colorado Springs,Colorado,80925
683-31-9693,474,Munmro,Jallin,mjallind5@dailymotion.com,Male,183.65.211.100,79 Hauk Park,Wilkes Barre,Pennsylvania,18768
249-54-0587,475,Lyell,Kermath,lkermathd6@youku.com,Male,190.63.40.184,7757 Aberg Center,Meridian,Mississippi,39305
475-80-8313,476,Candy,Murty,cmurtyd7@addthis.com,Female,31.204.228.203,72487 Express Point,Detroit,Michigan,48258
290-78-4974,477,Blaine,Boynton,bboyntond8@twitpic.com,Male,152.189.184.225,239 Merry Hill,New York City,New York,10034
247-57-0374,478,Wynne,Walsh,wwalshd9@acquirethisname.com,Female,251.32.57.73,25 Vera Avenue,Metairie,Louisiana,70005
118-78-4128,479,Willdon,Northage,wnorthageda@disqus.com,Male,148.105.222.6,4 Lawn Lane,Madison,Wisconsin,53710
865-39-5235,480,Euphemia,Phethean,ephetheandb@themeforest.net,Female,38.75.5.60,99 Swallow Court,Springfield,Illinois,62794
434-63-3267,481,Rosalyn,Minster,rminsterdc@studiopress.com,Female,35.120.184.98,033 Portage Road,Amarillo,Texas,79118
192-11-2110,482,Lynn,Challicum,lchallicumdd@uol.com.br,Female,64.132.112.164,51 Bobwhite Place,Miami,Florida,33261
529-69-1751,483,Judon,Esch,jeschde@imageshack.us,Male,122.216.194.251,9 Portage Junction,Long Beach,California,90805
637-72-3476,484,Chloe,Metheringham,cmetheringhamdf@posterous.com,Female,128.110.134.116,087 Gerald Place,Orlando,Florida,32854
552-43-6339,485,Sherrie,Fleetwood,sfleetwooddg@bravesites.com,Female,151.177.165.123,1 Corben Drive,Birmingham,Alabama,35254
662-02-7266,486,Garrik,Cormode,gcormodedh@nyu.edu,Male,201.12.187.43,766 Northland Avenue,Largo,Florida,33777
697-23-0283,487,Nanon,Halle,nhalledi@google.es,Female,80.82.62.111,59 Haas Trail,Chicago,Illinois,60641
373-52-3070,488,Salomon,Lehenmann,slehenmanndj@businesswire.com,Male,132.103.100.60,21506 Drewry Park,San Antonio,Texas,78210
522-71-2857,489,Barby,Landell,blandelldk@census.gov,Female,48.231.101.158,2 Veith Parkway,Beaufort,South Carolina,29905
362-40-8379,490,Liesa,Andreix,landreixdl@sphinn.com,Female,185.184.101.99,4 Scott Way,El Paso,Texas,88546
224-30-8683,491,Happy,Olliffe,holliffedm@dion.ne.jp,Female,214.160.188.92,40 Dexter Alley,Providence,Rhode Island,2912
870-88-3722,492,Arline,Hauxwell,ahauxwelldn@dropbox.com,Female,142.13.7.204,7 Clove Crossing,Canton,Ohio,44710
555-69-5666,493,Timi,VanBrugh,tvanbrughdo@exblog.jp,Female,3.208.92.6,257 Petterle Plaza,Cincinnati,Ohio,45264
207-65-7383,494,Carola,de Grey,cdegreydp@about.com,Female,60.2.54.126,30259 Burning Wood Circle,Sandy,Utah,84093
535-09-2517,495,Frasquito,Caldicot,fcaldicotdq@oakley.com,Male,97.110.197.149,8 Roxbury Lane,Miami,Florida,33164
258-73-6960,496,Noble,Alenichicov,nalenichicovdr@wordpress.org,Male,27.137.99.103,5762 Anhalt Parkway,Canton,Ohio,44705
227-38-1809,497,Lela,Bilson,lbilsonds@drupal.org,Female,147.74.241.59,59 Victoria Center,Houston,Texas,77065
715-06-9685,498,Niko,Dowers,ndowersdt@ifeng.com,Male,186.46.138.15,48 Mosinee Trail,San Diego,California,92186
328-52-9058,499,Vilhelmina,Barkess,vbarkessdu@barnesandnoble.com,Female,87.30.54.27,10 Lindbergh Avenue,Orlando,Florida,32835
